target,date,plant-stand,precip,temp,hail,crop-hist,area-damaged,severity,seed-tmt,germination,plant-growth,leaves,leafspots-halo,leafspots-marg,leafspot-size,leaf-shread,leaf-malf,leaf-mild,stem,lodging,stem-cankers,canker-lesion,fruiting-bodies,external-decay,mycelium,int-discolor,sclerotia,fruit-pods,fruit-spots,seed,mold-growth,seed-discolor,seed-size,shriveling,roots
diaporthe-stem-canker_0,0,0,0,0,0,0,0,0,0,0,0,0,0,0,0,0,0,0,0,0,0,0,0,0,0,0,0,0,0,0,0,0,0,0,0
diaporthe-stem-canker_1,1,0,0,0,0,1,1,1,1,1,0,0,0,0,0,0,0,0,0,1,0,0,0,0,0,0,0,0,0,0,0,0,0,0,0
diaporthe-stem-canker_2,2,0,0,0,0,0,1,1,1,2,0,0,0,0,0,0,0,0,0,1,0,1,0,0,0,0,0,0,0,0,0,0,0,0,0
diaporthe-stem-canker_3,2,0,0,0,0,0,1,1,0,1,0,0,0,0,0,0,0,0,0,1,0,1,0,0,0,0,0,0,0,0,0,0,0,0,0
diaporthe-stem-canker_4,0,0,0,0,0,1,1,0,0,2,0,0,0,0,0,0,0,0,0,1,0,0,0,0,0,0,0,0,0,0,0,0,0,0,0
diaporthe-stem-canker_5,3,0,0,0,0,2,1,0,0,1,0,0,0,0,0,0,0,0,0,1,0,1,0,0,0,0,0,0,0,0,0,0,0,0,0
diaporthe-stem-canker_6,3,0,0,0,0,1,1,0,1,0,0,0,0,0,0,0,0,0,0,0,0,0,0,0,0,0,0,0,0,0,0,0,0,0,0
diaporthe-stem-canker_7,1,0,0,0,1,0,1,0,0,2,0,0,0,0,0,0,0,0,0,1,0,0,0,0,0,0,0,0,0,0,0,0,0,0,0
diaporthe-stem-canker_8,0,0,0,0,0,2,1,0,1,1,0,0,0,0,0,0,0,0,0,1,0,0,0,0,0,0,0,0,0,0,0,0,0,0,0
diaporthe-stem-canker_9,1,0,0,0,0,1,1,1,0,2,0,0,0,0,0,0,0,0,0,1,0,0,0,0,0,0,0,0,0,0,0,0,0,0,0
charcoal-rot_10,0,0,1,1,0,0,2,0,1,0,0,0,0,0,0,0,0,0,0,1,1,2,1,1,0,1,1,0,0,0,0,0,0,0,0
charcoal-rot_11,1,0,1,0,1,0,2,0,1,1,0,0,0,0,0,0,0,0,0,0,1,2,1,1,0,1,1,0,0,0,0,0,0,0,0
charcoal-rot_12,2,0,1,0,0,0,3,0,0,0,0,0,0,0,0,0,0,0,0,1,1,2,1,1,0,1,1,0,0,0,0,0,0,0,0
charcoal-rot_13,0,0,1,0,1,2,2,0,1,0,0,0,0,0,0,0,0,0,0,1,1,2,1,1,0,1,1,0,0,0,0,0,0,0,0
charcoal-rot_14,0,0,1,1,0,0,2,0,1,1,0,0,0,0,0,0,0,0,0,1,1,2,1,1,0,1,1,0,0,0,0,0,0,0,0
charcoal-rot_15,3,0,1,1,1,2,2,0,1,2,0,0,0,0,0,0,0,0,0,1,1,2,1,1,0,1,1,0,0,0,0,0,0,0,0
charcoal-rot_16,0,0,1,1,1,3,3,0,0,0,0,0,0,0,0,0,0,0,0,0,1,2,1,1,0,1,1,0,0,0,0,0,0,0,0
charcoal-rot_17,1,0,1,0,0,1,3,0,0,1,0,0,0,0,0,0,0,0,0,1,1,2,1,1,0,1,1,0,0,0,0,0,0,0,0
charcoal-rot_18,2,0,1,1,0,1,3,0,0,2,0,0,0,0,0,0,0,0,0,1,1,2,1,1,0,1,1,0,0,0,0,0,0,0,0
charcoal-rot_19,3,0,1,1,1,1,3,0,0,2,0,0,0,0,0,0,0,0,0,1,1,2,1,1,0,1,1,0,0,0,0,0,0,0,0
rhizoctonia-root-rot_20,4,1,0,2,0,1,0,1,0,2,0,1,0,0,0,0,0,0,0,1,2,0,1,0,1,0,0,1,0,0,0,0,0,0,0
rhizoctonia-root-rot_21,4,1,0,2,0,0,0,1,0,1,0,1,0,0,0,0,0,0,0,1,2,0,1,0,0,0,0,1,0,0,0,0,0,0,0
rhizoctonia-root-rot_22,2,0,0,2,1,2,0,1,0,1,0,1,0,0,0,0,0,0,0,0,2,0,1,0,1,0,0,1,0,0,0,0,0,0,0
rhizoctonia-root-rot_23,5,1,0,2,0,3,0,0,1,2,0,1,0,0,0,0,0,0,0,1,2,0,1,0,0,0,0,1,0,0,0,0,0,0,0
rhizoctonia-root-rot_24,5,1,0,2,0,0,0,1,1,2,0,1,0,0,0,0,0,0,0,1,2,0,1,0,0,0,0,1,0,0,0,0,0,0,0
rhizoctonia-root-rot_25,4,1,0,2,0,2,0,1,0,2,0,1,0,0,0,0,0,0,0,1,2,0,1,0,0,0,0,1,0,0,0,0,0,0,0
rhizoctonia-root-rot_26,4,1,0,2,0,3,0,0,0,1,0,1,0,0,0,0,0,0,0,1,2,0,1,0,0,0,0,1,0,0,0,0,0,0,0
rhizoctonia-root-rot_27,6,1,0,2,0,1,0,0,0,1,0,1,0,0,0,0,0,0,0,1,2,0,1,0,0,0,0,1,0,0,0,0,0,0,0
rhizoctonia-root-rot_28,4,1,0,2,0,0,0,1,0,2,0,1,0,0,0,0,0,0,0,1,2,0,1,0,0,0,0,1,0,0,0,0,0,0,0
rhizoctonia-root-rot_29,6,1,0,2,0,0,0,1,0,2,0,1,0,0,0,0,0,0,0,1,2,0,1,0,0,0,0,1,0,0,0,0,0,0,0
phytophthora-rot_30,5,1,0,0,1,0,0,0,0,0,0,0,0,0,0,0,0,0,0,1,2,3,1,0,0,0,0,1,0,0,0,0,0,0,0
phytophthora-rot_31,4,1,0,0,2,2,0,2,2,3,0,0,0,0,0,0,0,0,0,2,3,3,2,1,0,0,0,2,1,1,1,1,1,1,1
phytophthora-rot_32,6,1,0,1,2,1,0,2,2,3,0,0,1,1,1,1,1,1,0,2,0,3,2,1,0,0,0,2,1,1,1,1,1,1,1
phytophthora-rot_33,4,1,0,2,0,1,0,1,1,1,0,0,0,0,0,0,0,0,0,1,3,3,1,1,0,0,0,1,0,0,0,0,0,0,0
phytophthora-rot_34,6,1,0,1,2,1,0,2,2,3,0,0,1,1,1,1,1,1,0,2,3,3,2,1,0,0,0,2,1,1,1,1,1,1,1
phytophthora-rot_35,2,1,0,0,2,1,0,2,2,3,0,0,1,1,1,1,1,1,0,2,0,3,2,1,0,0,0,2,1,1,1,1,1,1,1
phytophthora-rot_36,5,1,2,0,0,0,0,0,0,0,0,0,0,0,0,0,0,0,0,1,2,3,1,1,0,0,0,1,0,0,0,0,0,0,0
phytophthora-rot_37,2,1,0,2,0,1,0,1,1,1,0,0,0,0,0,0,0,0,0,1,3,3,1,1,0,0,0,1,0,0,0,0,0,0,0
phytophthora-rot_38,6,1,2,0,2,3,0,2,2,3,0,0,0,0,0,0,0,0,0,2,3,3,2,1,0,0,0,2,1,1,1,1,1,1,1
phytophthora-rot_39,6,1,0,2,0,0,0,1,0,1,0,0,0,0,0,0,0,0,0,1,2,3,1,1,0,0,0,1,0,0,0,0,0,0,0
phytophthora-rot_40,6,1,0,0,2,0,0,2,2,3,0,0,0,0,0,0,0,0,0,2,3,3,2,1,0,0,0,2,1,1,1,1,1,1,1
phytophthora-rot_41,4,1,0,0,2,0,0,2,2,3,0,0,1,1,1,1,1,1,0,2,2,3,2,1,0,0,0,2,1,1,1,1,1,1,1
phytophthora-rot_42,5,1,0,0,0,2,0,0,0,0,0,0,0,0,0,0,0,0,0,1,2,3,1,1,0,0,0,1,0,0,0,0,0,0,0
phytophthora-rot_43,5,1,2,0,1,1,0,1,1,0,0,0,0,0,0,0,0,0,0,0,3,3,1,0,0,0,0,1,0,0,0,0,0,0,0
phytophthora-rot_44,2,1,0,2,0,0,0,1,1,0,0,0,0,0,0,0,0,0,0,1,3,3,1,1,0,0,0,1,0,0,0,0,0,0,0
phytophthora-rot_45,6,1,0,1,2,2,0,2,2,3,0,0,1,1,1,1,1,1,0,2,0,3,2,1,0,0,0,2,1,1,1,1,1,1,1
phytophthora-rot_46,5,1,0,0,0,1,0,0,0,1,0,0,0,0,0,0,0,0,0,1,2,3,1,1,0,0,0,1,0,0,0,0,0,0,0
phytophthora-rot_47,6,1,2,1,2,1,0,2,2,3,0,0,0,0,0,0,0,0,0,2,3,3,2,1,0,0,0,2,1,1,1,1,1,1,1
phytophthora-rot_48,6,1,0,0,1,0,0,1,0,2,0,0,0,0,0,0,0,0,0,1,2,3,1,0,0,0,0,1,0,0,0,0,0,0,0
phytophthora-rot_49,5,1,0,0,0,2,0,0,0,2,0,0,0,0,0,0,0,0,0,1,2,3,1,1,0,0,0,1,0,0,0,0,0,0,0
phytophthora-rot_50,4,1,0,0,0,3,0,1,1,1,0,0,0,0,0,0,0,0,0,1,3,3,1,1,0,0,0,1,0,0,0,0,0,0,0
phytophthora-rot_51,4,1,0,0,2,3,0,2,2,3,0,0,0,0,0,0,0,0,0,2,2,3,2,1,0,0,0,2,1,1,1,1,1,1,1
phytophthora-rot_52,2,1,0,0,2,0,0,2,2,3,0,0,1,1,1,1,1,1,0,2,0,3,2,1,0,0,0,2,1,1,1,1,1,1,1
phytophthora-rot_53,6,1,0,0,2,0,0,2,2,3,0,0,0,0,0,0,0,0,0,2,0,3,2,1,0,0,0,2,1,1,1,1,1,1,1
phytophthora-rot_54,2,1,0,1,2,1,0,2,2,3,0,0,1,1,1,1,1,1,0,2,3,3,2,1,0,0,0,2,1,1,1,1,1,1,1
phytophthora-rot_55,4,1,0,0,1,2,0,1,0,1,0,0,0,0,0,0,0,0,0,0,2,3,1,0,0,0,0,1,0,0,0,0,0,0,0
phytophthora-rot_56,2,1,2,0,2,2,0,2,2,3,0,0,0,0,0,0,0,0,0,2,3,3,2,1,0,0,0,2,1,1,1,1,1,1,1
phytophthora-rot_57,6,1,0,1,2,0,0,2,2,3,0,0,1,1,1,1,1,1,0,2,3,3,2,1,0,0,0,2,1,1,1,1,1,1,1
phytophthora-rot_58,2,1,2,1,2,1,0,2,2,3,0,0,0,0,0,0,0,0,0,2,3,3,2,1,0,0,0,2,1,1,1,1,1,1,1
phytophthora-rot_59,4,1,0,1,2,0,0,2,2,3,0,0,1,1,1,1,1,1,0,2,2,3,2,1,0,0,0,2,1,1,1,1,1,1,1
phytophthora-rot_60,6,1,0,1,2,2,0,2,2,3,0,0,0,0,0,0,0,0,0,2,3,3,2,1,0,0,0,2,1,1,1,1,1,1,1
phytophthora-rot_61,2,1,2,0,2,3,0,2,2,3,0,0,0,0,0,0,0,0,0,2,0,3,2,1,0,0,0,2,1,1,1,1,1,1,1
phytophthora-rot_62,6,1,0,2,0,0,0,1,0,0,0,0,0,0,0,0,0,0,0,1,2,3,1,1,0,0,0,1,0,0,0,0,0,0,0
phytophthora-rot_63,2,1,2,0,2,0,0,2,2,3,0,0,0,0,0,0,0,0,0,2,0,3,2,1,0,0,0,2,1,1,1,1,1,1,1
phytophthora-rot_64,6,1,0,1,2,0,0,2,2,3,0,0,1,1,1,1,1,1,0,2,2,3,2,1,0,0,0,2,1,1,1,1,1,1,1
phytophthora-rot_65,4,1,0,2,0,3,0,1,1,0,0,0,0,0,0,0,0,0,0,1,3,3,1,1,0,0,0,1,0,0,0,0,0,0,0
phytophthora-rot_66,2,1,0,0,2,1,0,2,2,3,0,0,1,1,1,1,1,1,0,2,3,3,2,1,0,0,0,2,1,1,1,1,1,1,1
phytophthora-rot_67,2,1,0,0,2,2,0,2,2,3,0,0,1,1,1,1,1,1,0,2,0,3,2,1,0,0,0,2,1,1,1,1,1,1,1
phytophthora-rot_68,2,1,2,2,0,1,0,1,1,2,0,0,0,0,0,0,0,0,0,1,3,3,1,1,0,0,0,1,0,0,0,0,0,0,0
phytophthora-rot_69,2,1,0,1,2,1,0,2,2,3,0,0,1,1,1,1,1,1,0,2,0,3,2,1,0,0,0,2,1,1,1,1,1,1,1
brown-stem-rot_70,1,0,1,0,0,0,2,0,1,2,1,0,0,0,0,0,0,0,0,1,1,1,1,1,0,2,0,0,2,0,0,0,0,0,0
brown-stem-rot_71,2,1,1,2,0,2,1,0,1,2,0,1,0,0,0,0,0,0,0,1,1,2,1,1,0,2,0,0,0,0,0,0,0,0,0
brown-stem-rot_72,3,0,1,1,0,0,2,0,1,2,1,0,0,0,0,0,0,0,0,1,1,1,1,1,0,2,0,0,2,0,0,0,0,0,0
brown-stem-rot_73,3,0,1,1,0,1,2,0,1,1,1,0,0,0,0,0,0,0,0,1,1,1,1,1,0,2,0,0,2,0,0,0,0,0,0
brown-stem-rot_74,1,0,1,0,0,2,3,0,0,1,1,0,0,0,0,0,0,0,0,1,1,1,1,1,0,2,0,0,2,0,0,0,0,0,0
brown-stem-rot_75,3,0,1,0,1,2,2,0,0,2,0,0,2,2,2,0,0,0,0,0,1,2,1,1,0,2,0,0,0,0,0,0,0,0,0
brown-stem-rot_76,0,0,2,0,1,1,1,0,1,0,0,1,0,0,2,0,0,0,0,0,1,2,1,1,0,2,0,0,0,0,0,0,0,0,0
brown-stem-rot_77,3,1,1,2,0,2,3,0,0,0,0,0,0,0,0,0,0,0,0,0,1,2,1,1,0,2,0,0,0,0,0,0,0,0,0
brown-stem-rot_78,3,1,1,0,0,0,2,0,1,0,0,0,2,2,2,0,0,0,0,0,1,2,1,1,0,2,0,0,0,0,0,0,0,0,0
brown-stem-rot_79,1,0,2,2,1,1,2,0,1,2,0,1,0,0,0,0,0,0,0,0,1,2,1,1,0,2,0,0,0,0,0,0,0,0,0
brown-stem-rot_80,1,1,1,2,0,2,3,0,1,1,0,0,2,2,2,0,0,0,0,0,1,2,1,1,0,2,0,0,0,0,0,0,0,0,0
brown-stem-rot_81,1,0,1,0,0,1,1,0,1,0,1,0,0,0,0,0,0,0,0,1,1,1,1,1,0,2,0,0,2,0,0,0,0,0,0
brown-stem-rot_82,2,1,1,2,0,1,1,1,0,1,0,0,2,2,2,0,0,0,0,1,1,2,1,1,0,2,0,0,0,0,0,0,0,0,0
brown-stem-rot_83,3,0,1,0,0,2,3,0,0,1,1,0,0,0,0,0,0,0,0,1,1,1,1,1,0,2,0,0,2,0,0,0,0,0,0
brown-stem-rot_84,1,0,1,0,0,2,2,0,1,0,1,0,0,0,0,0,0,0,0,1,1,1,1,1,0,2,0,0,2,0,0,0,0,0,0
brown-stem-rot_85,1,0,1,0,0,2,3,0,0,2,1,0,0,0,0,0,0,0,0,1,1,1,1,1,0,2,0,0,2,0,0,0,0,0,0
brown-stem-rot_86,1,0,1,0,0,0,3,0,1,2,1,0,0,0,0,0,0,0,0,1,1,1,1,1,0,2,0,0,2,0,0,0,0,0,0
brown-stem-rot_87,1,0,1,0,0,0,3,0,0,0,1,0,0,0,0,0,0,0,0,1,1,1,1,1,0,2,0,0,2,0,0,0,0,0,0
brown-stem-rot_88,2,0,1,0,0,2,3,0,0,0,1,0,0,0,0,0,0,0,0,1,1,1,1,1,0,2,0,0,2,0,0,0,0,0,0
powdery-mildew_89,3,0,1,0,1,2,2,0,0,1,1,0,0,0,0,0,0,2,1,1,1,1,1,1,0,0,0,0,2,0,0,0,0,0,0
powdery-mildew_90,0,0,2,2,1,3,1,3,1,2,1,0,0,0,0,0,0,2,1,1,1,1,1,1,0,0,0,0,2,0,0,0,0,0,0
powdery-mildew_91,4,1,1,0,0,2,2,0,3,0,1,0,0,0,0,0,0,2,1,1,1,1,1,1,0,0,0,0,2,0,0,0,0,0,0
powdery-mildew_92,0,1,2,2,0,1,3,3,1,2,1,0,0,0,0,0,0,2,1,1,1,1,1,1,0,0,0,0,2,0,0,0,0,0,0
powdery-mildew_93,1,1,2,2,0,1,3,3,3,0,1,0,0,0,0,0,0,2,1,1,1,1,1,1,0,0,0,0,2,0,0,0,0,0,0
powdery-mildew_94,0,0,1,0,1,0,0,0,0,2,1,0,0,0,0,0,0,2,1,1,1,1,1,1,0,0,0,0,2,0,0,0,0,0,0
powdery-mildew_95,6,1,2,2,0,1,3,3,0,1,1,0,0,0,0,0,0,2,1,1,1,1,1,1,0,0,0,0,2,0,0,0,0,0,0
powdery-mildew_96,0,1,1,0,0,0,0,0,1,2,1,0,0,0,0,0,0,2,1,1,1,1,1,1,0,0,0,0,2,0,0,0,0,0,0
powdery-mildew_97,3,1,1,0,0,0,0,0,0,1,1,0,0,0,0,0,0,2,1,1,1,1,1,1,0,0,0,0,2,0,0,0,0,0,0
powdery-mildew_98,4,1,1,0,0,0,0,0,3,0,1,0,0,0,0,0,0,2,1,1,1,1,1,1,0,0,0,0,2,0,0,0,0,0,0
downy-mildew_99,0,0,0,2,1,1,0,3,1,2,1,0,2,2,2,0,2,3,1,1,1,1,1,1,0,0,0,0,2,2,2,0,0,0,0
downy-mildew_100,6,0,0,0,1,0,0,0,1,2,1,0,2,2,2,0,2,3,1,1,1,1,1,1,0,0,0,0,2,2,2,0,0,0,0
downy-mildew_101,4,0,0,0,1,2,3,0,0,1,1,0,3,2,2,0,0,3,1,1,1,1,1,1,0,0,0,0,2,2,2,0,0,0,0
downy-mildew_102,1,1,0,1,0,1,3,0,0,1,1,0,3,2,2,0,2,3,1,1,1,1,1,1,0,0,0,0,2,2,2,0,0,0,0
downy-mildew_103,4,0,0,2,1,3,1,0,0,1,1,0,3,2,2,0,0,3,1,1,1,1,1,1,0,0,0,0,2,2,2,0,0,0,0
downy-mildew_104,6,1,0,2,0,2,1,0,0,1,1,0,3,2,2,0,0,3,1,1,1,1,1,1,0,0,0,0,2,2,2,0,0,0,0
downy-mildew_105,6,1,0,0,0,1,1,0,0,1,1,0,2,2,2,0,0,3,1,1,1,1,1,1,0,0,0,0,2,2,2,0,0,0,0
downy-mildew_106,1,1,0,1,0,1,0,3,1,2,1,0,3,2,2,0,0,3,1,1,1,1,1,1,0,0,0,0,2,2,2,0,0,0,0
downy-mildew_107,1,1,0,2,0,0,3,0,0,1,1,0,2,2,2,0,0,3,1,1,1,1,1,1,0,0,0,0,2,2,2,0,0,0,0
downy-mildew_108,3,1,0,0,0,2,3,0,0,1,1,0,3,2,2,0,0,3,1,1,1,1,1,1,0,0,0,0,2,2,2,0,0,0,0
brown-spot_109,4,1,0,1,1,2,2,0,0,2,0,0,2,2,2,0,0,0,1,1,1,1,1,1,0,0,0,0,2,0,0,0,0,0,0
brown-spot_110,6,0,0,0,0,1,2,0,1,1,1,0,2,2,2,0,0,0,1,1,1,1,1,1,0,0,0,0,2,0,0,0,0,0,0
brown-spot_111,6,0,0,0,0,1,2,0,1,0,1,0,2,2,2,2,0,0,1,1,1,1,1,1,0,0,0,0,2,0,0,0,0,0,0
brown-spot_112,6,0,0,0,0,0,1,0,3,0,1,0,2,2,2,2,0,0,1,1,1,1,1,1,0,0,0,0,2,0,0,0,0,0,0
brown-spot_113,4,1,0,1,1,2,2,0,1,1,0,0,2,2,2,0,0,0,1,1,1,1,1,1,0,0,0,0,2,0,0,0,0,0,0
brown-spot_114,4,1,0,0,0,1,2,0,0,2,1,0,2,2,2,2,0,0,1,1,1,1,1,1,0,0,0,0,2,0,0,0,0,0,0
brown-spot_115,5,1,0,1,1,2,2,0,3,1,1,0,2,2,2,0,0,0,1,1,1,1,1,1,0,0,0,0,2,0,0,0,0,0,0
brown-spot_116,6,0,0,0,0,1,2,0,0,0,1,0,2,2,2,2,0,0,1,1,1,1,1,1,0,0,0,0,2,0,0,0,0,0,0
brown-spot_117,4,0,0,0,0,1,2,0,1,1,1,0,2,2,2,2,0,0,1,1,1,1,1,1,0,0,0,0,2,0,0,0,0,0,0
brown-spot_118,6,1,0,0,0,2,2,0,0,2,1,0,2,2,2,2,0,0,1,1,1,1,1,1,0,0,0,0,2,0,0,0,0,0,0
brown-spot_119,3,0,0,0,0,1,3,0,0,1,1,0,2,2,2,0,0,0,0,1,0,0,0,1,0,0,0,0,2,0,0,0,0,0,0
brown-spot_120,4,1,0,0,0,2,2,0,1,2,1,0,2,2,2,2,0,0,1,1,1,1,1,1,0,0,0,0,2,0,0,0,0,0,0
brown-spot_121,4,0,0,0,0,2,2,0,3,0,1,0,2,2,2,2,0,0,1,1,1,1,1,1,0,0,0,0,2,0,0,0,0,0,0
brown-spot_122,1,0,0,0,0,0,2,0,0,0,1,0,2,2,2,2,0,0,0,1,0,0,0,1,0,0,0,0,2,0,0,0,0,0,0
brown-spot_123,4,0,0,0,0,1,2,0,0,1,1,0,2,2,2,2,0,0,1,1,1,1,1,1,0,0,0,0,2,0,0,0,0,0,0
brown-spot_124,1,1,0,0,0,2,2,0,0,2,1,0,2,2,2,0,0,0,0,1,0,0,0,1,0,0,0,0,2,0,0,0,0,0,0
brown-spot_125,6,0,0,0,0,2,2,0,0,0,1,0,2,2,2,2,0,0,1,1,1,1,1,1,0,0,0,0,2,0,0,0,0,0,0
brown-spot_126,5,1,2,0,1,1,3,3,3,1,0,0,2,2,2,0,0,0,1,1,1,1,1,1,0,0,0,0,2,0,0,0,0,0,0
brown-spot_127,4,1,2,0,1,1,1,3,0,2,1,0,2,2,2,0,0,0,1,1,1,1,1,1,0,0,0,0,2,0,0,0,0,0,0
brown-spot_128,4,1,0,0,0,0,1,0,3,2,1,0,2,2,2,2,0,0,1,1,1,1,1,1,0,0,0,0,2,0,0,0,0,0,0
brown-spot_129,4,0,0,0,0,0,2,0,0,0,1,0,2,2,2,0,0,0,0,1,0,0,0,1,0,0,0,0,2,0,0,0,0,0,0
brown-spot_130,6,0,0,0,0,2,2,0,1,1,1,0,2,2,2,2,0,0,1,1,1,1,1,1,0,0,0,0,2,0,0,0,0,0,0
brown-spot_131,2,0,0,0,0,1,2,1,3,1,1,0,2,2,2,0,0,0,0,1,1,2,0,0,0,0,0,0,2,0,0,0,0,0,0
brown-spot_132,6,1,0,1,1,2,0,0,1,0,0,0,2,2,2,0,0,0,1,1,1,1,1,1,0,0,0,0,2,0,0,0,0,0,0
brown-spot_133,4,0,0,0,0,1,2,0,3,0,1,0,2,2,2,2,0,0,1,1,1,1,1,1,0,0,0,0,2,0,0,0,0,0,0
brown-spot_134,3,0,0,0,0,0,2,0,0,0,1,0,2,2,2,2,0,0,0,1,0,0,0,1,0,0,0,0,2,0,0,0,0,0,0
brown-spot_135,1,1,2,0,1,1,3,3,0,2,1,0,2,2,2,0,0,0,0,1,0,0,0,1,0,0,0,0,3,0,0,0,0,0,0
brown-spot_136,2,1,0,0,0,0,2,0,0,2,1,0,2,2,2,2,0,0,0,1,0,0,0,1,0,0,0,0,2,0,0,0,0,0,0
brown-spot_137,4,0,0,0,0,2,2,0,0,0,1,0,2,2,2,0,0,0,1,1,1,1,1,1,0,0,0,0,2,0,0,0,0,0,0
brown-spot_138,1,0,0,0,0,1,2,1,1,1,1,0,2,2,2,0,0,0,0,1,1,2,0,0,0,0,0,0,2,0,0,0,0,0,0
brown-spot_139,6,1,0,0,0,1,2,0,0,2,1,0,2,2,2,0,0,0,1,1,1,1,1,1,0,0,0,0,2,0,0,0,0,0,0
brown-spot_140,6,1,2,0,1,3,1,0,1,0,1,0,2,2,2,0,0,0,1,1,1,1,1,1,0,0,0,0,2,0,0,0,0,0,0
brown-spot_141,2,1,0,0,0,2,0,0,0,2,1,0,2,2,2,0,0,0,0,1,0,0,0,1,0,0,0,0,2,0,0,0,0,0,0
brown-spot_142,2,0,0,0,0,2,2,1,3,0,1,0,2,2,2,0,0,0,0,1,1,2,0,0,0,0,0,0,2,0,0,0,0,0,0
brown-spot_143,6,0,0,0,0,1,3,0,0,1,1,0,2,2,2,0,0,0,0,1,0,0,0,1,0,0,0,0,2,0,0,0,0,0,0
brown-spot_144,2,0,0,0,0,2,0,0,0,0,1,0,2,2,2,2,0,0,1,1,1,1,1,1,0,0,0,0,2,0,0,0,0,0,0
brown-spot_145,2,1,0,0,0,2,0,0,0,2,1,0,2,2,2,2,0,0,0,1,0,0,0,1,0,0,0,0,2,0,0,0,0,0,0
brown-spot_146,6,1,0,0,0,2,2,1,3,2,1,0,2,2,2,2,0,0,1,1,1,1,1,1,0,0,0,0,2,0,0,0,0,0,0
brown-spot_147,3,1,0,0,0,2,2,1,0,2,1,0,2,2,2,0,0,0,0,1,1,2,0,0,0,0,0,0,2,0,0,0,0,0,0
bacterial-blight_148,3,0,0,0,1,2,2,0,1,0,1,0,2,2,3,2,0,0,1,1,1,1,1,1,0,0,0,0,2,0,0,0,0,0,0
bacterial-blight_149,1,0,0,1,1,1,2,0,1,1,1,0,2,2,3,2,0,0,1,1,1,1,1,1,0,0,0,0,2,0,0,0,0,0,0
bacterial-blight_150,6,0,2,0,0,3,1,3,0,0,1,0,3,2,3,0,0,0,1,1,1,1,1,1,0,0,0,0,2,0,0,0,0,0,0
bacterial-blight_151,2,0,2,0,0,0,3,3,0,0,1,0,3,2,3,2,0,0,1,1,1,1,1,1,0,0,0,0,2,0,0,0,0,0,0
bacterial-blight_152,2,0,2,0,0,2,3,3,0,0,1,0,3,2,3,2,2,0,1,1,1,1,1,1,0,0,0,0,2,0,0,0,0,0,0
bacterial-blight_153,2,0,0,0,1,1,0,0,1,0,1,0,2,2,3,2,0,0,1,1,1,1,1,1,0,0,0,0,2,0,0,0,0,0,0
bacterial-blight_154,2,0,2,0,0,0,1,3,0,1,1,0,3,2,3,2,0,0,1,1,1,1,1,1,0,0,0,0,2,0,0,0,0,0,0
bacterial-blight_155,1,0,0,0,1,3,2,0,1,1,1,0,2,2,3,2,0,0,1,1,1,1,1,1,0,0,0,0,2,0,0,0,0,0,0
bacterial-blight_156,6,0,2,0,0,2,0,3,0,0,1,0,3,2,3,2,0,0,1,1,1,1,1,1,0,0,0,0,2,0,0,0,0,0,0
bacterial-blight_157,1,1,0,1,1,1,0,0,1,2,1,0,2,2,3,2,0,0,1,1,1,1,1,1,0,0,0,0,2,0,0,0,0,0,0
bacterial-pustule_158,6,1,2,1,0,1,3,3,0,2,1,0,3,3,3,0,0,0,1,1,1,1,1,1,0,0,0,0,2,0,0,0,0,0,2
bacterial-pustule_159,2,0,0,2,1,1,2,0,1,1,0,0,2,3,3,2,0,0,1,1,1,1,1,1,0,0,0,0,2,2,2,2,0,0,0
bacterial-pustule_160,6,0,2,2,0,3,1,3,0,0,1,0,3,3,3,0,0,0,1,1,1,1,1,1,0,0,0,0,2,0,0,0,0,0,0
bacterial-pustule_161,1,1,0,0,0,2,1,0,0,2,1,0,3,2,3,2,2,0,1,1,1,1,1,1,0,0,0,0,2,0,0,0,2,0,1
bacterial-pustule_162,2,0,0,0,1,0,0,0,0,1,1,0,3,3,3,2,0,0,1,1,1,1,1,1,0,0,0,0,2,2,2,2,2,0,1
bacterial-pustule_163,2,1,2,2,0,1,1,3,0,2,1,0,2,3,3,0,0,0,1,1,1,1,1,1,0,0,0,0,2,0,0,0,0,0,1
bacterial-pustule_164,2,0,2,0,1,1,2,3,0,1,0,0,3,3,3,2,0,0,1,1,1,1,1,1,0,0,0,0,2,2,2,2,2,0,0
bacterial-pustule_165,2,1,0,0,0,3,3,0,0,2,1,0,3,3,3,2,0,0,1,1,1,1,1,1,0,0,0,0,2,0,0,0,2,0,1
bacterial-pustule_166,1,0,2,0,1,0,2,3,0,1,1,0,3,3,3,2,0,0,1,1,1,1,1,1,0,0,0,0,2,2,2,2,2,0,0
bacterial-pustule_167,3,1,2,0,0,1,1,3,1,2,1,0,3,3,3,2,0,0,1,1,1,1,1,1,0,0,0,0,2,0,0,0,0,0,1
purple-seed-stain_168,0,0,0,2,1,1,3,3,0,0,1,1,0,0,0,0,0,0,0,0,1,2,1,1,0,0,0,3,3,2,0,2,0,0,0
purple-seed-stain_169,0,0,0,2,0,1,3,3,1,1,1,0,2,2,3,0,0,0,0,1,1,2,1,1,0,0,0,3,3,2,0,2,0,0,0
purple-seed-stain_170,1,0,0,0,1,0,0,3,1,2,1,1,0,0,0,0,0,0,1,1,1,2,1,1,0,0,0,0,2,2,0,2,0,0,0
purple-seed-stain_171,1,0,0,0,1,3,1,3,0,1,1,0,2,2,3,0,0,0,1,0,1,2,1,1,0,0,0,0,2,2,0,2,0,0,0
purple-seed-stain_172,1,0,0,2,0,3,1,3,0,2,1,0,2,2,3,0,0,0,1,1,1,2,1,1,0,0,0,0,2,2,0,2,0,0,0
purple-seed-stain_173,0,0,0,1,0,1,3,3,0,1,1,0,2,2,3,0,0,0,0,1,1,2,1,1,0,0,0,3,3,2,0,2,0,0,0
purple-seed-stain_174,2,0,0,2,1,3,1,3,0,1,1,1,0,0,0,0,0,0,1,0,1,2,1,1,0,0,0,0,2,2,0,2,0,0,0
purple-seed-stain_175,2,0,0,0,1,2,2,3,1,1,1,1,0,0,0,0,0,0,1,1,1,2,1,1,0,0,0,0,2,2,0,2,0,0,0
purple-seed-stain_176,3,0,0,0,0,0,0,3,0,0,1,0,2,2,3,0,0,0,0,1,1,2,1,1,0,0,0,3,3,2,0,2,0,0,0
purple-seed-stain_177,1,0,0,0,0,3,1,3,1,1,1,1,0,0,0,0,0,0,0,1,1,2,1,1,0,0,0,0,2,2,0,2,0,0,0
anthracnose_178,3,1,0,0,0,2,2,0,1,0,1,1,0,0,0,0,0,0,0,1,0,3,1,1,0,0,0,3,4,0,0,0,0,0,0
anthracnose_179,3,1,0,1,1,1,3,3,1,2,1,0,0,0,0,0,0,0,0,1,0,0,0,0,0,0,0,3,4,2,2,2,0,2,0
anthracnose_180,0,0,0,0,0,0,0,0,1,1,1,1,0,0,0,0,0,0,0,1,0,3,0,1,0,0,0,3,4,2,2,0,2,2,0
anthracnose_181,6,1,0,1,1,3,1,0,0,0,0,0,0,0,0,0,0,0,0,1,3,0,1,0,0,0,0,0,2,0,0,0,0,0,0
anthracnose_182,2,0,0,0,0,2,2,0,0,0,0,0,0,0,0,0,0,0,0,1,0,3,0,0,0,0,0,3,4,2,2,2,0,0,0
anthracnose_183,1,1,0,1,1,1,3,0,0,1,0,0,0,0,0,0,0,0,0,1,0,0,0,0,0,0,0,3,4,0,0,0,0,0,0
anthracnose_184,0,0,0,0,0,1,3,0,0,1,1,1,0,0,0,0,0,0,0,1,0,3,0,1,0,0,0,3,4,2,2,0,2,2,0
anthracnose_185,4,0,0,0,0,0,0,0,1,1,0,0,0,0,0,0,0,0,0,1,3,3,1,0,0,0,0,0,2,2,0,2,0,0,0
anthracnose_186,0,1,0,0,0,1,3,0,1,1,1,1,0,0,0,0,0,0,0,1,0,3,0,1,0,0,0,3,4,2,2,0,2,2,0
anthracnose_187,3,0,0,0,0,0,0,0,3,2,0,0,0,0,0,0,0,0,0,1,0,3,0,0,0,0,0,3,4,2,2,2,0,0,0
anthracnose_188,3,1,0,1,1,2,2,3,1,2,0,0,0,0,0,0,0,0,0,0,0,3,0,0,0,0,0,3,4,0,0,0,0,0,0
anthracnose_189,5,0,0,0,0,2,2,0,1,2,0,0,0,0,0,0,0,0,0,1,3,3,1,0,0,0,0,0,2,2,2,0,2,0,0
anthracnose_190,0,0,0,0,0,1,3,3,0,0,0,0,0,0,0,0,0,0,0,1,0,0,0,0,0,0,0,3,4,2,0,2,2,2,0
anthracnose_191,3,1,0,0,0,0,0,0,0,1,1,1,0,0,0,0,0,0,0,1,0,3,1,1,0,0,0,3,4,2,2,0,2,2,0
anthracnose_192,3,0,0,0,0,1,3,0,0,2,1,1,0,0,0,0,0,0,0,1,0,3,0,1,0,0,0,3,4,0,0,0,0,0,0
anthracnose_193,0,1,0,1,1,3,1,0,0,1,1,0,0,0,0,0,0,0,0,1,0,0,0,0,0,0,0,3,4,0,0,0,0,0,0
anthracnose_194,3,0,0,0,0,0,0,0,0,0,1,1,0,0,0,0,0,0,0,1,0,3,0,1,0,0,0,3,4,2,2,0,2,2,0
anthracnose_195,0,1,0,1,1,2,2,3,3,1,1,0,0,0,0,0,0,0,0,0,0,3,0,0,0,0,0,3,4,0,0,0,0,0,0
anthracnose_196,3,1,0,0,0,2,2,0,0,1,1,1,0,0,0,0,0,0,0,1,0,3,1,1,0,0,0,3,4,2,2,0,2,2,0
anthracnose_197,3,1,0,0,0,1,3,0,1,1,1,1,0,0,0,0,0,0,0,1,0,3,1,1,0,0,0,3,4,2,2,0,2,2,0
phyllosticta-leaf-spot_198,2,1,2,0,0,3,3,3,0,2,1,0,2,2,2,0,0,0,1,1,1,1,1,1,0,0,0,0,2,0,0,0,0,0,0
phyllosticta-leaf-spot_199,2,0,1,0,1,3,3,3,0,1,1,0,2,2,2,0,2,0,1,1,1,1,1,1,0,0,0,0,2,0,0,0,0,0,0
phyllosticta-leaf-spot_200,2,1,2,0,0,3,1,3,0,0,1,0,2,2,2,0,0,0,1,1,1,1,1,1,0,0,0,0,2,0,0,0,0,0,0
phyllosticta-leaf-spot_201,2,0,1,0,1,1,1,3,0,0,1,0,2,2,2,0,0,0,1,1,1,1,1,1,0,0,0,0,2,0,0,0,0,0,0
phyllosticta-leaf-spot_202,2,1,2,1,0,2,3,3,1,1,1,0,2,2,2,2,2,0,1,1,1,1,1,1,0,0,0,0,2,0,0,0,0,0,0
phyllosticta-leaf-spot_203,6,0,1,0,1,3,2,3,3,2,1,0,2,2,2,0,0,0,1,1,1,1,1,1,0,0,0,0,2,0,0,0,0,0,0
phyllosticta-leaf-spot_204,4,0,1,1,1,2,3,0,1,1,1,0,2,2,2,2,2,0,1,1,1,1,1,1,0,0,0,0,2,0,0,0,0,0,0
phyllosticta-leaf-spot_205,6,1,2,0,0,1,3,0,1,1,1,0,2,2,2,0,2,0,1,1,1,1,1,1,0,0,0,0,2,0,0,0,0,0,0
phyllosticta-leaf-spot_206,6,0,1,1,1,2,1,0,1,0,0,0,2,2,2,2,0,0,1,1,1,1,1,1,0,0,0,0,2,0,0,0,0,0,0
phyllosticta-leaf-spot_207,6,1,2,1,0,2,2,3,3,2,1,0,2,2,2,2,0,0,1,1,1,1,1,1,0,0,0,0,2,0,0,0,0,0,0
alternarialeaf-spot_208,1,1,0,0,0,0,0,0,1,2,1,0,2,2,2,0,0,0,1,1,1,1,1,1,0,0,0,0,2,0,0,0,0,0,0
alternarialeaf-spot_209,1,0,2,0,0,2,2,0,0,1,1,0,2,2,2,0,0,0,1,1,1,1,1,1,0,0,0,0,2,0,0,0,0,0,0
alternarialeaf-spot_210,2,0,0,0,0,3,1,0,0,1,1,0,2,2,2,0,0,0,1,1,1,1,1,1,0,0,0,0,2,0,0,0,0,0,0
alternarialeaf-spot_211,0,0,0,1,0,2,2,3,1,1,1,0,2,2,2,0,0,0,1,1,1,1,1,1,0,0,0,0,2,0,0,0,0,0,0
alternarialeaf-spot_212,0,0,2,0,1,1,3,3,3,2,1,0,2,2,2,0,0,0,1,1,1,1,1,1,0,0,0,0,2,2,0,2,0,0,0
alternarialeaf-spot_213,3,0,0,1,0,2,2,0,0,1,1,0,2,2,2,0,0,0,1,1,1,1,1,1,0,0,0,0,2,0,0,0,0,0,0
alternarialeaf-spot_214,0,0,2,0,0,2,2,3,1,1,1,0,2,2,2,0,0,0,1,1,1,1,1,1,0,0,0,0,2,0,0,0,0,0,0
alternarialeaf-spot_215,3,1,0,1,0,2,0,3,0,2,1,0,2,2,2,0,0,0,1,1,1,1,1,1,0,0,0,0,2,0,0,0,0,0,0
alternarialeaf-spot_216,0,0,0,1,0,2,3,0,1,0,1,0,2,2,2,0,0,0,1,1,1,1,1,1,0,0,0,0,2,0,0,0,0,0,0
alternarialeaf-spot_217,3,0,0,1,0,1,2,3,0,1,1,0,2,2,2,0,0,0,1,1,1,1,1,1,0,0,0,0,2,0,0,0,0,0,0
alternarialeaf-spot_218,1,1,0,0,0,2,1,0,1,2,1,0,2,2,2,0,0,0,1,1,1,1,1,1,0,0,0,0,2,0,0,0,0,0,0
alternarialeaf-spot_219,0,0,0,0,0,0,0,3,1,0,1,0,2,2,2,2,0,0,1,1,1,1,1,1,0,0,0,0,2,0,0,0,0,0,0
alternarialeaf-spot_220,3,0,0,1,0,1,3,0,0,0,1,0,2,2,2,0,0,0,1,1,1,1,1,1,0,0,0,0,2,0,0,0,0,0,0
alternarialeaf-spot_221,3,1,0,0,0,3,1,3,0,2,1,0,2,2,2,0,0,0,1,1,1,1,1,1,0,0,0,0,2,0,0,0,0,0,0
alternarialeaf-spot_222,1,0,0,0,0,1,3,3,0,1,1,0,2,2,2,0,0,0,1,1,1,1,1,1,0,0,0,0,2,0,0,0,0,0,0
alternarialeaf-spot_223,1,0,0,0,0,0,0,0,1,1,1,0,2,2,2,2,0,0,1,1,1,1,1,1,0,0,0,0,2,0,0,0,0,0,0
alternarialeaf-spot_224,3,0,0,0,0,1,0,3,0,0,1,0,2,2,2,0,0,0,1,1,1,1,1,1,0,0,0,0,2,0,0,0,0,0,0
alternarialeaf-spot_225,0,0,0,1,0,2,3,3,1,0,1,0,2,2,2,0,0,0,1,1,1,1,1,1,0,0,0,0,2,0,0,0,0,0,0
alternarialeaf-spot_226,0,1,0,1,0,0,0,3,1,2,1,0,2,2,2,0,0,0,1,1,1,1,1,1,0,0,0,0,2,0,0,0,0,0,0
alternarialeaf-spot_227,3,1,0,1,0,2,0,0,0,2,1,0,2,2,2,0,0,0,1,1,1,1,1,1,0,0,0,0,2,0,0,0,0,0,0
alternarialeaf-spot_228,3,1,0,1,0,2,2,0,1,1,1,0,2,2,2,0,0,0,1,1,1,1,1,1,0,0,0,0,2,0,0,0,0,0,0
alternarialeaf-spot_229,1,1,0,0,0,1,0,3,0,2,1,0,2,2,2,2,0,0,1,1,1,1,1,1,0,0,0,0,2,0,0,0,0,0,0
alternarialeaf-spot_230,0,1,2,1,0,1,3,3,3,0,1,0,2,2,2,0,0,0,1,1,1,1,1,1,0,0,0,0,2,2,0,2,0,0,0
alternarialeaf-spot_231,1,1,0,0,0,0,3,0,1,2,1,0,2,2,2,0,0,0,1,1,1,1,1,1,0,0,0,0,2,0,0,0,0,0,0
alternarialeaf-spot_232,0,1,0,1,0,1,0,3,1,2,1,0,2,2,2,0,0,0,1,1,1,1,1,1,0,0,0,0,2,0,0,0,0,0,0
alternarialeaf-spot_233,1,1,0,0,0,3,2,3,0,2,1,0,2,2,2,0,0,0,1,1,1,1,1,1,0,0,0,0,2,0,0,0,0,0,0
alternarialeaf-spot_234,1,0,0,1,0,2,2,0,0,0,1,0,2,2,2,0,0,0,1,1,1,1,1,1,0,0,0,0,2,0,0,0,0,0,0
alternarialeaf-spot_235,3,0,0,1,0,1,2,0,0,1,1,0,2,2,2,0,0,0,1,1,1,1,1,1,0,0,0,0,2,0,0,0,0,0,0
alternarialeaf-spot_236,2,0,0,0,0,3,1,0,0,0,1,0,2,2,2,0,0,0,1,1,1,1,1,1,0,0,0,0,2,0,0,0,0,0,0
alternarialeaf-spot_237,3,0,0,0,0,0,3,3,1,0,1,0,2,2,2,2,0,0,1,1,1,1,1,1,0,0,0,0,2,0,0,0,0,0,0
alternarialeaf-spot_238,3,0,0,1,0,0,0,3,1,1,1,0,2,2,2,0,0,0,1,1,1,1,1,1,0,0,0,0,2,0,0,0,0,0,0
alternarialeaf-spot_239,1,0,0,1,0,0,0,0,0,2,1,0,2,2,2,0,0,0,1,1,1,1,1,1,0,0,0,0,2,0,0,0,0,0,0
alternarialeaf-spot_240,3,1,0,0,0,2,2,3,1,2,1,0,2,2,2,2,0,0,1,1,1,1,1,1,0,0,0,0,2,0,0,0,0,0,0
alternarialeaf-spot_241,0,0,0,0,0,1,0,3,0,1,1,0,2,2,2,2,0,0,1,1,1,1,1,1,0,0,0,0,2,0,0,0,0,0,0
alternarialeaf-spot_242,3,0,0,0,0,3,2,3,0,0,1,0,2,2,2,0,0,0,1,1,1,1,1,1,0,0,0,0,2,0,0,0,0,0,0
alternarialeaf-spot_243,0,0,0,0,0,3,2,3,0,1,1,0,2,2,2,0,0,0,1,1,1,1,1,1,0,0,0,0,2,0,0,0,0,0,0
alternarialeaf-spot_244,3,1,0,1,0,1,0,0,0,2,1,0,2,2,2,0,0,0,1,1,1,1,1,1,0,0,0,0,2,0,0,0,0,0,0
alternarialeaf-spot_245,3,0,0,0,0,2,1,3,1,0,1,0,2,2,2,2,0,0,1,1,1,1,1,1,0,0,0,0,2,0,0,0,0,0,0
alternarialeaf-spot_246,0,0,0,0,0,0,3,3,1,1,1,0,2,2,2,2,0,0,1,1,1,1,1,1,0,0,0,0,2,0,0,0,0,0,0
frog-eye-leaf-spot_247,0,0,2,1,0,2,2,3,0,0,1,0,2,2,2,0,0,0,0,1,0,3,0,0,0,0,0,3,4,2,0,0,0,0,0
frog-eye-leaf-spot_248,1,0,2,1,0,0,0,3,1,1,1,0,2,2,2,0,0,0,1,1,1,1,1,1,0,0,0,0,2,0,0,0,0,0,0
frog-eye-leaf-spot_249,3,0,2,0,0,1,0,3,0,0,1,0,2,2,2,0,0,0,0,1,0,0,1,0,0,0,0,0,2,0,0,0,0,0,0
frog-eye-leaf-spot_250,3,1,0,0,0,2,3,3,0,2,1,0,2,2,2,0,0,0,1,1,1,1,1,1,0,0,0,0,2,0,0,0,0,0,0
frog-eye-leaf-spot_251,0,1,0,1,0,2,2,3,1,2,1,0,2,2,2,0,0,0,0,1,0,3,1,0,0,0,0,3,3,0,0,0,0,0,0
frog-eye-leaf-spot_252,1,0,2,0,0,2,2,0,1,0,1,0,2,2,2,0,0,0,1,1,1,1,1,1,0,0,0,0,2,0,0,0,0,0,0
frog-eye-leaf-spot_253,2,0,0,0,0,1,2,3,1,1,1,0,2,2,2,0,0,0,0,1,0,3,1,0,0,0,0,3,3,0,0,0,0,0,0
frog-eye-leaf-spot_254,3,0,0,1,0,1,3,3,0,1,1,0,2,2,2,0,0,0,0,1,0,3,1,0,0,0,0,3,3,0,0,0,0,0,0
frog-eye-leaf-spot_255,3,0,0,0,0,0,0,0,1,0,1,0,2,2,2,0,0,0,1,1,1,1,1,1,0,0,0,0,2,0,0,0,0,0,0
frog-eye-leaf-spot_256,3,0,0,1,0,1,2,3,1,1,1,0,2,2,2,0,0,0,0,1,0,3,1,0,0,0,0,3,3,0,0,0,0,0,0
frog-eye-leaf-spot_257,3,0,0,0,0,3,0,3,1,1,1,0,2,2,2,0,0,0,0,1,0,3,1,0,0,0,0,3,3,0,0,0,0,0,0
frog-eye-leaf-spot_258,1,0,0,0,0,1,2,3,1,0,1,0,2,2,2,0,0,0,1,1,1,1,1,1,0,0,0,0,2,0,0,0,0,0,0
frog-eye-leaf-spot_259,1,0,0,1,0,0,0,0,1,0,1,0,2,2,2,0,0,0,0,1,0,3,1,0,0,0,0,3,3,0,0,0,0,0,0
frog-eye-leaf-spot_260,1,0,0,0,0,1,0,0,1,1,1,0,2,2,2,0,0,0,0,1,0,0,1,0,0,0,0,3,3,0,0,0,0,0,0
frog-eye-leaf-spot_261,2,1,0,0,0,2,3,0,0,2,1,0,2,2,2,0,0,0,0,1,0,3,1,0,0,0,0,3,3,0,0,0,0,0,0
frog-eye-leaf-spot_262,3,0,0,0,0,2,1,0,0,1,1,0,2,2,2,0,0,0,0,1,0,0,1,0,0,0,0,3,3,0,0,0,0,0,0
frog-eye-leaf-spot_263,3,0,0,1,0,0,0,3,1,0,1,0,2,2,2,0,0,0,0,1,0,3,1,0,0,0,0,3,3,0,0,0,0,0,0
frog-eye-leaf-spot_264,1,0,0,1,0,0,3,0,0,0,1,0,2,2,2,0,0,0,0,1,0,3,1,0,0,0,0,3,3,0,0,0,0,0,0
frog-eye-leaf-spot_265,3,0,0,1,0,1,0,3,1,1,1,0,2,2,2,0,0,0,0,1,0,3,1,0,0,0,0,3,3,0,0,0,0,0,0
frog-eye-leaf-spot_266,3,0,0,0,0,2,1,0,0,0,1,0,2,2,2,0,0,0,0,1,0,0,1,0,0,0,0,3,3,0,0,0,0,0,0
frog-eye-leaf-spot_267,2,0,0,0,0,0,3,0,0,1,1,0,2,2,2,0,0,0,1,1,1,1,1,1,0,0,0,0,2,0,0,0,0,0,0
frog-eye-leaf-spot_268,0,0,2,1,0,2,2,3,1,0,1,0,2,2,2,0,0,0,0,1,0,3,0,1,0,0,0,3,4,2,0,2,2,2,0
frog-eye-leaf-spot_269,3,0,2,0,0,0,2,0,3,0,1,0,2,2,2,0,0,0,0,1,0,1,0,1,0,0,0,3,3,0,0,0,0,0,0
frog-eye-leaf-spot_270,3,0,0,0,0,2,3,0,0,0,1,0,2,2,2,0,0,0,0,1,0,0,1,0,0,0,0,3,3,0,0,0,0,0,0
frog-eye-leaf-spot_271,3,1,0,0,0,2,2,3,1,2,1,0,2,2,2,0,0,0,1,1,1,1,1,1,0,0,0,0,2,0,0,0,0,0,0
frog-eye-leaf-spot_272,2,1,0,0,0,2,1,0,0,2,1,0,2,2,2,0,0,0,1,1,1,1,1,1,0,0,0,0,2,0,0,0,0,0,0
frog-eye-leaf-spot_273,0,1,0,1,0,2,0,3,1,2,1,0,2,2,2,0,0,0,0,1,0,3,1,0,0,0,0,3,3,0,0,0,0,0,0
frog-eye-leaf-spot_274,1,0,0,0,0,0,3,0,0,1,1,0,2,2,2,0,0,0,1,1,1,1,1,1,0,0,0,0,2,0,0,0,0,0,0
frog-eye-leaf-spot_275,1,0,0,1,0,0,1,0,0,0,1,0,2,2,2,0,0,0,0,1,0,3,1,0,0,0,0,3,3,0,0,0,0,0,0
frog-eye-leaf-spot_276,0,1,0,1,0,2,1,3,0,2,1,0,2,2,2,0,0,0,0,1,0,3,1,0,0,0,0,3,3,0,0,0,0,0,0
frog-eye-leaf-spot_277,3,1,0,1,0,2,2,3,1,2,1,0,2,2,2,0,0,0,0,1,0,3,1,0,0,0,0,3,3,0,0,0,0,0,0
frog-eye-leaf-spot_278,1,0,0,0,0,3,0,0,1,0,1,0,2,2,2,0,0,0,1,1,1,1,1,1,0,0,0,0,2,0,0,0,0,0,0
frog-eye-leaf-spot_279,1,0,0,0,0,1,2,0,1,1,1,0,2,2,2,0,0,0,0,1,0,0,1,0,0,0,0,3,3,0,0,0,0,0,0
frog-eye-leaf-spot_280,1,1,2,1,0,0,0,3,3,2,0,0,2,2,2,0,0,0,1,1,1,1,1,1,0,0,0,0,2,0,0,0,0,0,0
frog-eye-leaf-spot_281,1,0,0,0,0,1,1,3,0,1,1,0,2,2,2,0,0,0,1,1,1,1,1,1,0,0,0,0,2,0,0,0,0,0,0
frog-eye-leaf-spot_282,3,1,0,0,0,0,3,0,0,2,1,0,2,2,2,0,0,0,1,1,1,1,1,1,0,0,0,0,2,0,0,0,0,0,0
frog-eye-leaf-spot_283,1,0,0,1,0,0,2,0,1,0,1,0,2,2,2,0,0,0,0,1,0,3,1,0,0,0,0,3,3,0,0,0,0,0,0
frog-eye-leaf-spot_284,3,0,0,0,0,0,3,3,0,0,1,0,2,2,2,0,0,0,0,1,0,3,1,0,0,0,0,3,3,0,0,0,0,0,0
frog-eye-leaf-spot_285,3,0,0,1,0,1,1,3,0,1,1,0,2,2,2,0,0,0,0,1,0,3,1,0,0,0,0,3,3,0,0,0,0,0,0
frog-eye-leaf-spot_286,3,1,0,0,0,1,2,3,1,2,1,0,2,2,2,0,0,0,0,1,0,3,1,0,0,0,0,3,3,0,0,0,0,0,0
diaporthe-pod-&-stem-blight_287,3,0,0,1,2,2,2,2,2,0,1,1,1,1,1,1,1,1,0,2,1,1,0,1,0,0,0,3,4,0,2,2,2,2,3
diaporthe-pod-&-stem-blight_288,0,0,0,1,2,1,2,2,2,1,1,1,1,1,1,1,1,1,0,2,1,1,0,1,0,0,0,3,4,2,2,2,2,2,3
diaporthe-pod-&-stem-blight_289,3,0,0,1,2,2,2,2,2,0,1,1,1,1,1,1,1,1,0,2,1,1,0,1,0,0,0,3,4,2,2,2,2,2,3
diaporthe-pod-&-stem-blight_290,4,1,2,1,2,2,1,2,2,2,1,1,1,1,1,1,1,1,0,2,1,1,0,1,0,0,0,3,4,0,2,2,2,2,3
diaporthe-pod-&-stem-blight_291,3,2,0,1,2,1,2,2,2,3,1,1,1,1,1,1,1,1,0,2,1,1,0,1,0,0,0,3,4,2,2,2,2,2,3
diaporthe-pod-&-stem-blight_292,3,0,0,1,2,1,2,2,2,0,1,1,1,1,1,1,1,1,0,2,1,1,0,1,0,0,0,3,4,2,2,2,2,2,3
cyst-nematode_293,6,2,3,3,2,1,0,2,2,3,0,0,1,1,1,1,1,1,1,2,4,4,2,2,2,3,2,4,1,2,0,1,2,1,2
cyst-nematode_294,2,2,3,3,2,2,3,2,2,3,0,0,1,1,1,1,1,1,1,2,4,4,2,2,2,3,2,4,1,2,0,1,2,1,2
cyst-nematode_295,1,2,3,3,2,2,3,2,2,3,0,0,1,1,1,1,1,1,1,2,4,4,2,2,2,3,2,4,1,2,0,1,2,1,2
cyst-nematode_296,2,2,3,3,2,1,0,2,2,3,0,0,1,1,1,1,1,1,1,2,4,4,2,2,2,3,2,4,1,2,0,1,2,1,2
cyst-nematode_297,1,2,3,3,2,1,0,2,2,3,0,0,1,1,1,1,1,1,1,2,4,4,2,2,2,3,2,4,1,2,0,1,2,1,2
2-4-d-injury_298,7,2,3,3,2,4,4,2,2,3,2,0,0,0,0,1,2,1,2,2,4,4,2,2,2,3,2,2,1,1,1,1,1,1,3
herbicide-injury_299,4,1,3,2,2,0,1,2,2,3,0,0,2,3,2,0,2,1,0,2,4,4,2,2,2,3,2,1,1,1,1,1,1,1,1
herbicide-injury_300,5,1,3,2,2,3,2,2,2,3,0,0,0,0,0,0,2,1,0,2,4,4,2,2,2,3,2,1,1,1,1,1,1,1,1
herbicide-injury_301,4,1,3,2,2,3,1,2,2,3,0,0,0,0,0,0,2,1,0,2,4,4,2,2,2,3,2,1,1,1,1,1,1,1,1
herbicide-injury_302,4,1,3,2,2,0,2,2,2,3,0,0,2,3,2,0,2,1,0,2,4,4,2,2,2,3,2,1,1,1,1,1,1,1,1
