target,buying,maint,doors,persons,lug_boot,safety
unacc_0,0,0,0,0,0,0
unacc_1,0,0,0,0,0,1
unacc_2,0,0,0,0,0,2
unacc_3,0,0,0,0,1,0
unacc_4,0,0,0,0,1,1
unacc_5,0,0,0,0,1,2
unacc_6,0,0,0,0,2,0
unacc_7,0,0,0,0,2,1
unacc_8,0,0,0,0,2,2
unacc_9,0,0,0,1,0,0
unacc_10,0,0,0,1,0,1
unacc_11,0,0,0,1,0,2
unacc_12,0,0,0,1,1,0
unacc_13,0,0,0,1,1,1
unacc_14,0,0,0,1,1,2
unacc_15,0,0,0,1,2,0
unacc_16,0,0,0,1,2,1
unacc_17,0,0,0,1,2,2
unacc_18,0,0,0,2,0,0
unacc_19,0,0,0,2,0,1
unacc_20,0,0,0,2,0,2
unacc_21,0,0,0,2,1,0
unacc_22,0,0,0,2,1,1
unacc_23,0,0,0,2,1,2
unacc_24,0,0,0,2,2,0
unacc_25,0,0,0,2,2,1
unacc_26,0,0,0,2,2,2
unacc_27,0,0,1,0,0,0
unacc_28,0,0,1,0,0,1
unacc_29,0,0,1,0,0,2
unacc_30,0,0,1,0,1,0
unacc_31,0,0,1,0,1,1
unacc_32,0,0,1,0,1,2
unacc_33,0,0,1,0,2,0
unacc_34,0,0,1,0,2,1
unacc_35,0,0,1,0,2,2
unacc_36,0,0,1,1,0,0
unacc_37,0,0,1,1,0,1
unacc_38,0,0,1,1,0,2
unacc_39,0,0,1,1,1,0
unacc_40,0,0,1,1,1,1
unacc_41,0,0,1,1,1,2
unacc_42,0,0,1,1,2,0
unacc_43,0,0,1,1,2,1
unacc_44,0,0,1,1,2,2
unacc_45,0,0,1,2,0,0
unacc_46,0,0,1,2,0,1
unacc_47,0,0,1,2,0,2
unacc_48,0,0,1,2,1,0
unacc_49,0,0,1,2,1,1
unacc_50,0,0,1,2,1,2
unacc_51,0,0,1,2,2,0
unacc_52,0,0,1,2,2,1
unacc_53,0,0,1,2,2,2
unacc_54,0,0,2,0,0,0
unacc_55,0,0,2,0,0,1
unacc_56,0,0,2,0,0,2
unacc_57,0,0,2,0,1,0
unacc_58,0,0,2,0,1,1
unacc_59,0,0,2,0,1,2
unacc_60,0,0,2,0,2,0
unacc_61,0,0,2,0,2,1
unacc_62,0,0,2,0,2,2
unacc_63,0,0,2,1,0,0
unacc_64,0,0,2,1,0,1
unacc_65,0,0,2,1,0,2
unacc_66,0,0,2,1,1,0
unacc_67,0,0,2,1,1,1
unacc_68,0,0,2,1,1,2
unacc_69,0,0,2,1,2,0
unacc_70,0,0,2,1,2,1
unacc_71,0,0,2,1,2,2
unacc_72,0,0,2,2,0,0
unacc_73,0,0,2,2,0,1
unacc_74,0,0,2,2,0,2
unacc_75,0,0,2,2,1,0
unacc_76,0,0,2,2,1,1
unacc_77,0,0,2,2,1,2
unacc_78,0,0,2,2,2,0
unacc_79,0,0,2,2,2,1
unacc_80,0,0,2,2,2,2
unacc_81,0,0,3,0,0,0
unacc_82,0,0,3,0,0,1
unacc_83,0,0,3,0,0,2
unacc_84,0,0,3,0,1,0
unacc_85,0,0,3,0,1,1
unacc_86,0,0,3,0,1,2
unacc_87,0,0,3,0,2,0
unacc_88,0,0,3,0,2,1
unacc_89,0,0,3,0,2,2
unacc_90,0,0,3,1,0,0
unacc_91,0,0,3,1,0,1
unacc_92,0,0,3,1,0,2
unacc_93,0,0,3,1,1,0
unacc_94,0,0,3,1,1,1
unacc_95,0,0,3,1,1,2
unacc_96,0,0,3,1,2,0
unacc_97,0,0,3,1,2,1
unacc_98,0,0,3,1,2,2
unacc_99,0,0,3,2,0,0
unacc_100,0,0,3,2,0,1
unacc_101,0,0,3,2,0,2
unacc_102,0,0,3,2,1,0
unacc_103,0,0,3,2,1,1
unacc_104,0,0,3,2,1,2
unacc_105,0,0,3,2,2,0
unacc_106,0,0,3,2,2,1
unacc_107,0,0,3,2,2,2
unacc_108,0,1,0,0,0,0
unacc_109,0,1,0,0,0,1
unacc_110,0,1,0,0,0,2
unacc_111,0,1,0,0,1,0
unacc_112,0,1,0,0,1,1
unacc_113,0,1,0,0,1,2
unacc_114,0,1,0,0,2,0
unacc_115,0,1,0,0,2,1
unacc_116,0,1,0,0,2,2
unacc_117,0,1,0,1,0,0
unacc_118,0,1,0,1,0,1
unacc_119,0,1,0,1,0,2
unacc_120,0,1,0,1,1,0
unacc_121,0,1,0,1,1,1
unacc_122,0,1,0,1,1,2
unacc_123,0,1,0,1,2,0
unacc_124,0,1,0,1,2,1
unacc_125,0,1,0,1,2,2
unacc_126,0,1,0,2,0,0
unacc_127,0,1,0,2,0,1
unacc_128,0,1,0,2,0,2
unacc_129,0,1,0,2,1,0
unacc_130,0,1,0,2,1,1
unacc_131,0,1,0,2,1,2
unacc_132,0,1,0,2,2,0
unacc_133,0,1,0,2,2,1
unacc_134,0,1,0,2,2,2
unacc_135,0,1,1,0,0,0
unacc_136,0,1,1,0,0,1
unacc_137,0,1,1,0,0,2
unacc_138,0,1,1,0,1,0
unacc_139,0,1,1,0,1,1
unacc_140,0,1,1,0,1,2
unacc_141,0,1,1,0,2,0
unacc_142,0,1,1,0,2,1
unacc_143,0,1,1,0,2,2
unacc_144,0,1,1,1,0,0
unacc_145,0,1,1,1,0,1
unacc_146,0,1,1,1,0,2
unacc_147,0,1,1,1,1,0
unacc_148,0,1,1,1,1,1
unacc_149,0,1,1,1,1,2
unacc_150,0,1,1,1,2,0
unacc_151,0,1,1,1,2,1
unacc_152,0,1,1,1,2,2
unacc_153,0,1,1,2,0,0
unacc_154,0,1,1,2,0,1
unacc_155,0,1,1,2,0,2
unacc_156,0,1,1,2,1,0
unacc_157,0,1,1,2,1,1
unacc_158,0,1,1,2,1,2
unacc_159,0,1,1,2,2,0
unacc_160,0,1,1,2,2,1
unacc_161,0,1,1,2,2,2
unacc_162,0,1,2,0,0,0
unacc_163,0,1,2,0,0,1
unacc_164,0,1,2,0,0,2
unacc_165,0,1,2,0,1,0
unacc_166,0,1,2,0,1,1
unacc_167,0,1,2,0,1,2
unacc_168,0,1,2,0,2,0
unacc_169,0,1,2,0,2,1
unacc_170,0,1,2,0,2,2
unacc_171,0,1,2,1,0,0
unacc_172,0,1,2,1,0,1
unacc_173,0,1,2,1,0,2
unacc_174,0,1,2,1,1,0
unacc_175,0,1,2,1,1,1
unacc_176,0,1,2,1,1,2
unacc_177,0,1,2,1,2,0
unacc_178,0,1,2,1,2,1
unacc_179,0,1,2,1,2,2
unacc_180,0,1,2,2,0,0
unacc_181,0,1,2,2,0,1
unacc_182,0,1,2,2,0,2
unacc_183,0,1,2,2,1,0
unacc_184,0,1,2,2,1,1
unacc_185,0,1,2,2,1,2
unacc_186,0,1,2,2,2,0
unacc_187,0,1,2,2,2,1
unacc_188,0,1,2,2,2,2
unacc_189,0,1,3,0,0,0
unacc_190,0,1,3,0,0,1
unacc_191,0,1,3,0,0,2
unacc_192,0,1,3,0,1,0
unacc_193,0,1,3,0,1,1
unacc_194,0,1,3,0,1,2
unacc_195,0,1,3,0,2,0
unacc_196,0,1,3,0,2,1
unacc_197,0,1,3,0,2,2
unacc_198,0,1,3,1,0,0
unacc_199,0,1,3,1,0,1
unacc_200,0,1,3,1,0,2
unacc_201,0,1,3,1,1,0
unacc_202,0,1,3,1,1,1
unacc_203,0,1,3,1,1,2
unacc_204,0,1,3,1,2,0
unacc_205,0,1,3,1,2,1
unacc_206,0,1,3,1,2,2
unacc_207,0,1,3,2,0,0
unacc_208,0,1,3,2,0,1
unacc_209,0,1,3,2,0,2
unacc_210,0,1,3,2,1,0
unacc_211,0,1,3,2,1,1
unacc_212,0,1,3,2,1,2
unacc_213,0,1,3,2,2,0
unacc_214,0,1,3,2,2,1
unacc_215,0,1,3,2,2,2
unacc_216,0,2,0,0,0,0
unacc_217,0,2,0,0,0,1
unacc_218,0,2,0,0,0,2
unacc_219,0,2,0,0,1,0
unacc_220,0,2,0,0,1,1
unacc_221,0,2,0,0,1,2
unacc_222,0,2,0,0,2,0
unacc_223,0,2,0,0,2,1
unacc_224,0,2,0,0,2,2
unacc_225,0,2,0,1,0,0
unacc_226,0,2,0,1,0,1
acc_227,0,2,0,1,0,2
unacc_228,0,2,0,1,1,0
unacc_229,0,2,0,1,1,1
acc_230,0,2,0,1,1,2
unacc_231,0,2,0,1,2,0
acc_232,0,2,0,1,2,1
acc_233,0,2,0,1,2,2
unacc_234,0,2,0,2,0,0
unacc_235,0,2,0,2,0,1
unacc_236,0,2,0,2,0,2
unacc_237,0,2,0,2,1,0
unacc_238,0,2,0,2,1,1
acc_239,0,2,0,2,1,2
unacc_240,0,2,0,2,2,0
acc_241,0,2,0,2,2,1
acc_242,0,2,0,2,2,2
unacc_243,0,2,1,0,0,0
unacc_244,0,2,1,0,0,1
unacc_245,0,2,1,0,0,2
unacc_246,0,2,1,0,1,0
unacc_247,0,2,1,0,1,1
unacc_248,0,2,1,0,1,2
unacc_249,0,2,1,0,2,0
unacc_250,0,2,1,0,2,1
unacc_251,0,2,1,0,2,2
unacc_252,0,2,1,1,0,0
unacc_253,0,2,1,1,0,1
acc_254,0,2,1,1,0,2
unacc_255,0,2,1,1,1,0
unacc_256,0,2,1,1,1,1
acc_257,0,2,1,1,1,2
unacc_258,0,2,1,1,2,0
acc_259,0,2,1,1,2,1
acc_260,0,2,1,1,2,2
unacc_261,0,2,1,2,0,0
unacc_262,0,2,1,2,0,1
acc_263,0,2,1,2,0,2
unacc_264,0,2,1,2,1,0
acc_265,0,2,1,2,1,1
acc_266,0,2,1,2,1,2
unacc_267,0,2,1,2,2,0
acc_268,0,2,1,2,2,1
acc_269,0,2,1,2,2,2
unacc_270,0,2,2,0,0,0
unacc_271,0,2,2,0,0,1
unacc_272,0,2,2,0,0,2
unacc_273,0,2,2,0,1,0
unacc_274,0,2,2,0,1,1
unacc_275,0,2,2,0,1,2
unacc_276,0,2,2,0,2,0
unacc_277,0,2,2,0,2,1
unacc_278,0,2,2,0,2,2
unacc_279,0,2,2,1,0,0
unacc_280,0,2,2,1,0,1
acc_281,0,2,2,1,0,2
unacc_282,0,2,2,1,1,0
acc_283,0,2,2,1,1,1
acc_284,0,2,2,1,1,2
unacc_285,0,2,2,1,2,0
acc_286,0,2,2,1,2,1
acc_287,0,2,2,1,2,2
unacc_288,0,2,2,2,0,0
unacc_289,0,2,2,2,0,1
acc_290,0,2,2,2,0,2
unacc_291,0,2,2,2,1,0
acc_292,0,2,2,2,1,1
acc_293,0,2,2,2,1,2
unacc_294,0,2,2,2,2,0
acc_295,0,2,2,2,2,1
acc_296,0,2,2,2,2,2
unacc_297,0,2,3,0,0,0
unacc_298,0,2,3,0,0,1
unacc_299,0,2,3,0,0,2
unacc_300,0,2,3,0,1,0
unacc_301,0,2,3,0,1,1
unacc_302,0,2,3,0,1,2
unacc_303,0,2,3,0,2,0
unacc_304,0,2,3,0,2,1
unacc_305,0,2,3,0,2,2
unacc_306,0,2,3,1,0,0
unacc_307,0,2,3,1,0,1
acc_308,0,2,3,1,0,2
unacc_309,0,2,3,1,1,0
acc_310,0,2,3,1,1,1
acc_311,0,2,3,1,1,2
unacc_312,0,2,3,1,2,0
acc_313,0,2,3,1,2,1
acc_314,0,2,3,1,2,2
unacc_315,0,2,3,2,0,0
unacc_316,0,2,3,2,0,1
acc_317,0,2,3,2,0,2
unacc_318,0,2,3,2,1,0
acc_319,0,2,3,2,1,1
acc_320,0,2,3,2,1,2
unacc_321,0,2,3,2,2,0
acc_322,0,2,3,2,2,1
acc_323,0,2,3,2,2,2
unacc_324,0,3,0,0,0,0
unacc_325,0,3,0,0,0,1
unacc_326,0,3,0,0,0,2
unacc_327,0,3,0,0,1,0
unacc_328,0,3,0,0,1,1
unacc_329,0,3,0,0,1,2
unacc_330,0,3,0,0,2,0
unacc_331,0,3,0,0,2,1
unacc_332,0,3,0,0,2,2
unacc_333,0,3,0,1,0,0
unacc_334,0,3,0,1,0,1
acc_335,0,3,0,1,0,2
unacc_336,0,3,0,1,1,0
unacc_337,0,3,0,1,1,1
acc_338,0,3,0,1,1,2
unacc_339,0,3,0,1,2,0
acc_340,0,3,0,1,2,1
acc_341,0,3,0,1,2,2
unacc_342,0,3,0,2,0,0
unacc_343,0,3,0,2,0,1
unacc_344,0,3,0,2,0,2
unacc_345,0,3,0,2,1,0
unacc_346,0,3,0,2,1,1
acc_347,0,3,0,2,1,2
unacc_348,0,3,0,2,2,0
acc_349,0,3,0,2,2,1
acc_350,0,3,0,2,2,2
unacc_351,0,3,1,0,0,0
unacc_352,0,3,1,0,0,1
unacc_353,0,3,1,0,0,2
unacc_354,0,3,1,0,1,0
unacc_355,0,3,1,0,1,1
unacc_356,0,3,1,0,1,2
unacc_357,0,3,1,0,2,0
unacc_358,0,3,1,0,2,1
unacc_359,0,3,1,0,2,2
unacc_360,0,3,1,1,0,0
unacc_361,0,3,1,1,0,1
acc_362,0,3,1,1,0,2
unacc_363,0,3,1,1,1,0
unacc_364,0,3,1,1,1,1
acc_365,0,3,1,1,1,2
unacc_366,0,3,1,1,2,0
acc_367,0,3,1,1,2,1
acc_368,0,3,1,1,2,2
unacc_369,0,3,1,2,0,0
unacc_370,0,3,1,2,0,1
acc_371,0,3,1,2,0,2
unacc_372,0,3,1,2,1,0
acc_373,0,3,1,2,1,1
acc_374,0,3,1,2,1,2
unacc_375,0,3,1,2,2,0
acc_376,0,3,1,2,2,1
acc_377,0,3,1,2,2,2
unacc_378,0,3,2,0,0,0
unacc_379,0,3,2,0,0,1
unacc_380,0,3,2,0,0,2
unacc_381,0,3,2,0,1,0
unacc_382,0,3,2,0,1,1
unacc_383,0,3,2,0,1,2
unacc_384,0,3,2,0,2,0
unacc_385,0,3,2,0,2,1
unacc_386,0,3,2,0,2,2
unacc_387,0,3,2,1,0,0
unacc_388,0,3,2,1,0,1
acc_389,0,3,2,1,0,2
unacc_390,0,3,2,1,1,0
acc_391,0,3,2,1,1,1
acc_392,0,3,2,1,1,2
unacc_393,0,3,2,1,2,0
acc_394,0,3,2,1,2,1
acc_395,0,3,2,1,2,2
unacc_396,0,3,2,2,0,0
unacc_397,0,3,2,2,0,1
acc_398,0,3,2,2,0,2
unacc_399,0,3,2,2,1,0
acc_400,0,3,2,2,1,1
acc_401,0,3,2,2,1,2
unacc_402,0,3,2,2,2,0
acc_403,0,3,2,2,2,1
acc_404,0,3,2,2,2,2
unacc_405,0,3,3,0,0,0
unacc_406,0,3,3,0,0,1
unacc_407,0,3,3,0,0,2
unacc_408,0,3,3,0,1,0
unacc_409,0,3,3,0,1,1
unacc_410,0,3,3,0,1,2
unacc_411,0,3,3,0,2,0
unacc_412,0,3,3,0,2,1
unacc_413,0,3,3,0,2,2
unacc_414,0,3,3,1,0,0
unacc_415,0,3,3,1,0,1
acc_416,0,3,3,1,0,2
unacc_417,0,3,3,1,1,0
acc_418,0,3,3,1,1,1
acc_419,0,3,3,1,1,2
unacc_420,0,3,3,1,2,0
acc_421,0,3,3,1,2,1
acc_422,0,3,3,1,2,2
unacc_423,0,3,3,2,0,0
unacc_424,0,3,3,2,0,1
acc_425,0,3,3,2,0,2
unacc_426,0,3,3,2,1,0
acc_427,0,3,3,2,1,1
acc_428,0,3,3,2,1,2
unacc_429,0,3,3,2,2,0
acc_430,0,3,3,2,2,1
acc_431,0,3,3,2,2,2
unacc_432,1,0,0,0,0,0
unacc_433,1,0,0,0,0,1
unacc_434,1,0,0,0,0,2
unacc_435,1,0,0,0,1,0
unacc_436,1,0,0,0,1,1
unacc_437,1,0,0,0,1,2
unacc_438,1,0,0,0,2,0
unacc_439,1,0,0,0,2,1
unacc_440,1,0,0,0,2,2
unacc_441,1,0,0,1,0,0
unacc_442,1,0,0,1,0,1
unacc_443,1,0,0,1,0,2
unacc_444,1,0,0,1,1,0
unacc_445,1,0,0,1,1,1
unacc_446,1,0,0,1,1,2
unacc_447,1,0,0,1,2,0
unacc_448,1,0,0,1,2,1
unacc_449,1,0,0,1,2,2
unacc_450,1,0,0,2,0,0
unacc_451,1,0,0,2,0,1
unacc_452,1,0,0,2,0,2
unacc_453,1,0,0,2,1,0
unacc_454,1,0,0,2,1,1
unacc_455,1,0,0,2,1,2
unacc_456,1,0,0,2,2,0
unacc_457,1,0,0,2,2,1
unacc_458,1,0,0,2,2,2
unacc_459,1,0,1,0,0,0
unacc_460,1,0,1,0,0,1
unacc_461,1,0,1,0,0,2
unacc_462,1,0,1,0,1,0
unacc_463,1,0,1,0,1,1
unacc_464,1,0,1,0,1,2
unacc_465,1,0,1,0,2,0
unacc_466,1,0,1,0,2,1
unacc_467,1,0,1,0,2,2
unacc_468,1,0,1,1,0,0
unacc_469,1,0,1,1,0,1
unacc_470,1,0,1,1,0,2
unacc_471,1,0,1,1,1,0
unacc_472,1,0,1,1,1,1
unacc_473,1,0,1,1,1,2
unacc_474,1,0,1,1,2,0
unacc_475,1,0,1,1,2,1
unacc_476,1,0,1,1,2,2
unacc_477,1,0,1,2,0,0
unacc_478,1,0,1,2,0,1
unacc_479,1,0,1,2,0,2
unacc_480,1,0,1,2,1,0
unacc_481,1,0,1,2,1,1
unacc_482,1,0,1,2,1,2
unacc_483,1,0,1,2,2,0
unacc_484,1,0,1,2,2,1
unacc_485,1,0,1,2,2,2
unacc_486,1,0,2,0,0,0
unacc_487,1,0,2,0,0,1
unacc_488,1,0,2,0,0,2
unacc_489,1,0,2,0,1,0
unacc_490,1,0,2,0,1,1
unacc_491,1,0,2,0,1,2
unacc_492,1,0,2,0,2,0
unacc_493,1,0,2,0,2,1
unacc_494,1,0,2,0,2,2
unacc_495,1,0,2,1,0,0
unacc_496,1,0,2,1,0,1
unacc_497,1,0,2,1,0,2
unacc_498,1,0,2,1,1,0
unacc_499,1,0,2,1,1,1
unacc_500,1,0,2,1,1,2
unacc_501,1,0,2,1,2,0
unacc_502,1,0,2,1,2,1
unacc_503,1,0,2,1,2,2
unacc_504,1,0,2,2,0,0
unacc_505,1,0,2,2,0,1
unacc_506,1,0,2,2,0,2
unacc_507,1,0,2,2,1,0
unacc_508,1,0,2,2,1,1
unacc_509,1,0,2,2,1,2
unacc_510,1,0,2,2,2,0
unacc_511,1,0,2,2,2,1
unacc_512,1,0,2,2,2,2
unacc_513,1,0,3,0,0,0
unacc_514,1,0,3,0,0,1
unacc_515,1,0,3,0,0,2
unacc_516,1,0,3,0,1,0
unacc_517,1,0,3,0,1,1
unacc_518,1,0,3,0,1,2
unacc_519,1,0,3,0,2,0
unacc_520,1,0,3,0,2,1
unacc_521,1,0,3,0,2,2
unacc_522,1,0,3,1,0,0
unacc_523,1,0,3,1,0,1
unacc_524,1,0,3,1,0,2
unacc_525,1,0,3,1,1,0
unacc_526,1,0,3,1,1,1
unacc_527,1,0,3,1,1,2
unacc_528,1,0,3,1,2,0
unacc_529,1,0,3,1,2,1
unacc_530,1,0,3,1,2,2
unacc_531,1,0,3,2,0,0
unacc_532,1,0,3,2,0,1
unacc_533,1,0,3,2,0,2
unacc_534,1,0,3,2,1,0
unacc_535,1,0,3,2,1,1
unacc_536,1,0,3,2,1,2
unacc_537,1,0,3,2,2,0
unacc_538,1,0,3,2,2,1
unacc_539,1,0,3,2,2,2
unacc_540,1,1,0,0,0,0
unacc_541,1,1,0,0,0,1
unacc_542,1,1,0,0,0,2
unacc_543,1,1,0,0,1,0
unacc_544,1,1,0,0,1,1
unacc_545,1,1,0,0,1,2
unacc_546,1,1,0,0,2,0
unacc_547,1,1,0,0,2,1
unacc_548,1,1,0,0,2,2
unacc_549,1,1,0,1,0,0
unacc_550,1,1,0,1,0,1
acc_551,1,1,0,1,0,2
unacc_552,1,1,0,1,1,0
unacc_553,1,1,0,1,1,1
acc_554,1,1,0,1,1,2
unacc_555,1,1,0,1,2,0
acc_556,1,1,0,1,2,1
acc_557,1,1,0,1,2,2
unacc_558,1,1,0,2,0,0
unacc_559,1,1,0,2,0,1
unacc_560,1,1,0,2,0,2
unacc_561,1,1,0,2,1,0
unacc_562,1,1,0,2,1,1
acc_563,1,1,0,2,1,2
unacc_564,1,1,0,2,2,0
acc_565,1,1,0,2,2,1
acc_566,1,1,0,2,2,2
unacc_567,1,1,1,0,0,0
unacc_568,1,1,1,0,0,1
unacc_569,1,1,1,0,0,2
unacc_570,1,1,1,0,1,0
unacc_571,1,1,1,0,1,1
unacc_572,1,1,1,0,1,2
unacc_573,1,1,1,0,2,0
unacc_574,1,1,1,0,2,1
unacc_575,1,1,1,0,2,2
unacc_576,1,1,1,1,0,0
unacc_577,1,1,1,1,0,1
acc_578,1,1,1,1,0,2
unacc_579,1,1,1,1,1,0
unacc_580,1,1,1,1,1,1
acc_581,1,1,1,1,1,2
unacc_582,1,1,1,1,2,0
acc_583,1,1,1,1,2,1
acc_584,1,1,1,1,2,2
unacc_585,1,1,1,2,0,0
unacc_586,1,1,1,2,0,1
acc_587,1,1,1,2,0,2
unacc_588,1,1,1,2,1,0
acc_589,1,1,1,2,1,1
acc_590,1,1,1,2,1,2
unacc_591,1,1,1,2,2,0
acc_592,1,1,1,2,2,1
acc_593,1,1,1,2,2,2
unacc_594,1,1,2,0,0,0
unacc_595,1,1,2,0,0,1
unacc_596,1,1,2,0,0,2
unacc_597,1,1,2,0,1,0
unacc_598,1,1,2,0,1,1
unacc_599,1,1,2,0,1,2
unacc_600,1,1,2,0,2,0
unacc_601,1,1,2,0,2,1
unacc_602,1,1,2,0,2,2
unacc_603,1,1,2,1,0,0
unacc_604,1,1,2,1,0,1
acc_605,1,1,2,1,0,2
unacc_606,1,1,2,1,1,0
acc_607,1,1,2,1,1,1
acc_608,1,1,2,1,1,2
unacc_609,1,1,2,1,2,0
acc_610,1,1,2,1,2,1
acc_611,1,1,2,1,2,2
unacc_612,1,1,2,2,0,0
unacc_613,1,1,2,2,0,1
acc_614,1,1,2,2,0,2
unacc_615,1,1,2,2,1,0
acc_616,1,1,2,2,1,1
acc_617,1,1,2,2,1,2
unacc_618,1,1,2,2,2,0
acc_619,1,1,2,2,2,1
acc_620,1,1,2,2,2,2
unacc_621,1,1,3,0,0,0
unacc_622,1,1,3,0,0,1
unacc_623,1,1,3,0,0,2
unacc_624,1,1,3,0,1,0
unacc_625,1,1,3,0,1,1
unacc_626,1,1,3,0,1,2
unacc_627,1,1,3,0,2,0
unacc_628,1,1,3,0,2,1
unacc_629,1,1,3,0,2,2
unacc_630,1,1,3,1,0,0
unacc_631,1,1,3,1,0,1
acc_632,1,1,3,1,0,2
unacc_633,1,1,3,1,1,0
acc_634,1,1,3,1,1,1
acc_635,1,1,3,1,1,2
unacc_636,1,1,3,1,2,0
acc_637,1,1,3,1,2,1
acc_638,1,1,3,1,2,2
unacc_639,1,1,3,2,0,0
unacc_640,1,1,3,2,0,1
acc_641,1,1,3,2,0,2
unacc_642,1,1,3,2,1,0
acc_643,1,1,3,2,1,1
acc_644,1,1,3,2,1,2
unacc_645,1,1,3,2,2,0
acc_646,1,1,3,2,2,1
acc_647,1,1,3,2,2,2
unacc_648,1,2,0,0,0,0
unacc_649,1,2,0,0,0,1
unacc_650,1,2,0,0,0,2
unacc_651,1,2,0,0,1,0
unacc_652,1,2,0,0,1,1
unacc_653,1,2,0,0,1,2
unacc_654,1,2,0,0,2,0
unacc_655,1,2,0,0,2,1
unacc_656,1,2,0,0,2,2
unacc_657,1,2,0,1,0,0
unacc_658,1,2,0,1,0,1
acc_659,1,2,0,1,0,2
unacc_660,1,2,0,1,1,0
unacc_661,1,2,0,1,1,1
acc_662,1,2,0,1,1,2
unacc_663,1,2,0,1,2,0
acc_664,1,2,0,1,2,1
acc_665,1,2,0,1,2,2
unacc_666,1,2,0,2,0,0
unacc_667,1,2,0,2,0,1
unacc_668,1,2,0,2,0,2
unacc_669,1,2,0,2,1,0
unacc_670,1,2,0,2,1,1
acc_671,1,2,0,2,1,2
unacc_672,1,2,0,2,2,0
acc_673,1,2,0,2,2,1
acc_674,1,2,0,2,2,2
unacc_675,1,2,1,0,0,0
unacc_676,1,2,1,0,0,1
unacc_677,1,2,1,0,0,2
unacc_678,1,2,1,0,1,0
unacc_679,1,2,1,0,1,1
unacc_680,1,2,1,0,1,2
unacc_681,1,2,1,0,2,0
unacc_682,1,2,1,0,2,1
unacc_683,1,2,1,0,2,2
unacc_684,1,2,1,1,0,0
unacc_685,1,2,1,1,0,1
acc_686,1,2,1,1,0,2
unacc_687,1,2,1,1,1,0
unacc_688,1,2,1,1,1,1
acc_689,1,2,1,1,1,2
unacc_690,1,2,1,1,2,0
acc_691,1,2,1,1,2,1
acc_692,1,2,1,1,2,2
unacc_693,1,2,1,2,0,0
unacc_694,1,2,1,2,0,1
acc_695,1,2,1,2,0,2
unacc_696,1,2,1,2,1,0
acc_697,1,2,1,2,1,1
acc_698,1,2,1,2,1,2
unacc_699,1,2,1,2,2,0
acc_700,1,2,1,2,2,1
acc_701,1,2,1,2,2,2
unacc_702,1,2,2,0,0,0
unacc_703,1,2,2,0,0,1
unacc_704,1,2,2,0,0,2
unacc_705,1,2,2,0,1,0
unacc_706,1,2,2,0,1,1
unacc_707,1,2,2,0,1,2
unacc_708,1,2,2,0,2,0
unacc_709,1,2,2,0,2,1
unacc_710,1,2,2,0,2,2
unacc_711,1,2,2,1,0,0
unacc_712,1,2,2,1,0,1
acc_713,1,2,2,1,0,2
unacc_714,1,2,2,1,1,0
acc_715,1,2,2,1,1,1
acc_716,1,2,2,1,1,2
unacc_717,1,2,2,1,2,0
acc_718,1,2,2,1,2,1
acc_719,1,2,2,1,2,2
unacc_720,1,2,2,2,0,0
unacc_721,1,2,2,2,0,1
acc_722,1,2,2,2,0,2
unacc_723,1,2,2,2,1,0
acc_724,1,2,2,2,1,1
acc_725,1,2,2,2,1,2
unacc_726,1,2,2,2,2,0
acc_727,1,2,2,2,2,1
acc_728,1,2,2,2,2,2
unacc_729,1,2,3,0,0,0
unacc_730,1,2,3,0,0,1
unacc_731,1,2,3,0,0,2
unacc_732,1,2,3,0,1,0
unacc_733,1,2,3,0,1,1
unacc_734,1,2,3,0,1,2
unacc_735,1,2,3,0,2,0
unacc_736,1,2,3,0,2,1
unacc_737,1,2,3,0,2,2
unacc_738,1,2,3,1,0,0
unacc_739,1,2,3,1,0,1
acc_740,1,2,3,1,0,2
unacc_741,1,2,3,1,1,0
acc_742,1,2,3,1,1,1
acc_743,1,2,3,1,1,2
unacc_744,1,2,3,1,2,0
acc_745,1,2,3,1,2,1
acc_746,1,2,3,1,2,2
unacc_747,1,2,3,2,0,0
unacc_748,1,2,3,2,0,1
acc_749,1,2,3,2,0,2
unacc_750,1,2,3,2,1,0
acc_751,1,2,3,2,1,1
acc_752,1,2,3,2,1,2
unacc_753,1,2,3,2,2,0
acc_754,1,2,3,2,2,1
acc_755,1,2,3,2,2,2
unacc_756,1,3,0,0,0,0
unacc_757,1,3,0,0,0,1
unacc_758,1,3,0,0,0,2
unacc_759,1,3,0,0,1,0
unacc_760,1,3,0,0,1,1
unacc_761,1,3,0,0,1,2
unacc_762,1,3,0,0,2,0
unacc_763,1,3,0,0,2,1
unacc_764,1,3,0,0,2,2
unacc_765,1,3,0,1,0,0
unacc_766,1,3,0,1,0,1
acc_767,1,3,0,1,0,2
unacc_768,1,3,0,1,1,0
unacc_769,1,3,0,1,1,1
acc_770,1,3,0,1,1,2
unacc_771,1,3,0,1,2,0
acc_772,1,3,0,1,2,1
acc_773,1,3,0,1,2,2
unacc_774,1,3,0,2,0,0
unacc_775,1,3,0,2,0,1
unacc_776,1,3,0,2,0,2
unacc_777,1,3,0,2,1,0
unacc_778,1,3,0,2,1,1
acc_779,1,3,0,2,1,2
unacc_780,1,3,0,2,2,0
acc_781,1,3,0,2,2,1
acc_782,1,3,0,2,2,2
unacc_783,1,3,1,0,0,0
unacc_784,1,3,1,0,0,1
unacc_785,1,3,1,0,0,2
unacc_786,1,3,1,0,1,0
unacc_787,1,3,1,0,1,1
unacc_788,1,3,1,0,1,2
unacc_789,1,3,1,0,2,0
unacc_790,1,3,1,0,2,1
unacc_791,1,3,1,0,2,2
unacc_792,1,3,1,1,0,0
unacc_793,1,3,1,1,0,1
acc_794,1,3,1,1,0,2
unacc_795,1,3,1,1,1,0
unacc_796,1,3,1,1,1,1
acc_797,1,3,1,1,1,2
unacc_798,1,3,1,1,2,0
acc_799,1,3,1,1,2,1
acc_800,1,3,1,1,2,2
unacc_801,1,3,1,2,0,0
unacc_802,1,3,1,2,0,1
acc_803,1,3,1,2,0,2
unacc_804,1,3,1,2,1,0
acc_805,1,3,1,2,1,1
acc_806,1,3,1,2,1,2
unacc_807,1,3,1,2,2,0
acc_808,1,3,1,2,2,1
acc_809,1,3,1,2,2,2
unacc_810,1,3,2,0,0,0
unacc_811,1,3,2,0,0,1
unacc_812,1,3,2,0,0,2
unacc_813,1,3,2,0,1,0
unacc_814,1,3,2,0,1,1
unacc_815,1,3,2,0,1,2
unacc_816,1,3,2,0,2,0
unacc_817,1,3,2,0,2,1
unacc_818,1,3,2,0,2,2
unacc_819,1,3,2,1,0,0
unacc_820,1,3,2,1,0,1
acc_821,1,3,2,1,0,2
unacc_822,1,3,2,1,1,0
acc_823,1,3,2,1,1,1
acc_824,1,3,2,1,1,2
unacc_825,1,3,2,1,2,0
acc_826,1,3,2,1,2,1
acc_827,1,3,2,1,2,2
unacc_828,1,3,2,2,0,0
unacc_829,1,3,2,2,0,1
acc_830,1,3,2,2,0,2
unacc_831,1,3,2,2,1,0
acc_832,1,3,2,2,1,1
acc_833,1,3,2,2,1,2
unacc_834,1,3,2,2,2,0
acc_835,1,3,2,2,2,1
acc_836,1,3,2,2,2,2
unacc_837,1,3,3,0,0,0
unacc_838,1,3,3,0,0,1
unacc_839,1,3,3,0,0,2
unacc_840,1,3,3,0,1,0
unacc_841,1,3,3,0,1,1
unacc_842,1,3,3,0,1,2
unacc_843,1,3,3,0,2,0
unacc_844,1,3,3,0,2,1
unacc_845,1,3,3,0,2,2
unacc_846,1,3,3,1,0,0
unacc_847,1,3,3,1,0,1
acc_848,1,3,3,1,0,2
unacc_849,1,3,3,1,1,0
acc_850,1,3,3,1,1,1
acc_851,1,3,3,1,1,2
unacc_852,1,3,3,1,2,0
acc_853,1,3,3,1,2,1
acc_854,1,3,3,1,2,2
unacc_855,1,3,3,2,0,0
unacc_856,1,3,3,2,0,1
acc_857,1,3,3,2,0,2
unacc_858,1,3,3,2,1,0
acc_859,1,3,3,2,1,1
acc_860,1,3,3,2,1,2
unacc_861,1,3,3,2,2,0
acc_862,1,3,3,2,2,1
acc_863,1,3,3,2,2,2
unacc_864,2,0,0,0,0,0
unacc_865,2,0,0,0,0,1
unacc_866,2,0,0,0,0,2
unacc_867,2,0,0,0,1,0
unacc_868,2,0,0,0,1,1
unacc_869,2,0,0,0,1,2
unacc_870,2,0,0,0,2,0
unacc_871,2,0,0,0,2,1
unacc_872,2,0,0,0,2,2
unacc_873,2,0,0,1,0,0
unacc_874,2,0,0,1,0,1
acc_875,2,0,0,1,0,2
unacc_876,2,0,0,1,1,0
unacc_877,2,0,0,1,1,1
acc_878,2,0,0,1,1,2
unacc_879,2,0,0,1,2,0
acc_880,2,0,0,1,2,1
acc_881,2,0,0,1,2,2
unacc_882,2,0,0,2,0,0
unacc_883,2,0,0,2,0,1
unacc_884,2,0,0,2,0,2
unacc_885,2,0,0,2,1,0
unacc_886,2,0,0,2,1,1
acc_887,2,0,0,2,1,2
unacc_888,2,0,0,2,2,0
acc_889,2,0,0,2,2,1
acc_890,2,0,0,2,2,2
unacc_891,2,0,1,0,0,0
unacc_892,2,0,1,0,0,1
unacc_893,2,0,1,0,0,2
unacc_894,2,0,1,0,1,0
unacc_895,2,0,1,0,1,1
unacc_896,2,0,1,0,1,2
unacc_897,2,0,1,0,2,0
unacc_898,2,0,1,0,2,1
unacc_899,2,0,1,0,2,2
unacc_900,2,0,1,1,0,0
unacc_901,2,0,1,1,0,1
acc_902,2,0,1,1,0,2
unacc_903,2,0,1,1,1,0
unacc_904,2,0,1,1,1,1
acc_905,2,0,1,1,1,2
unacc_906,2,0,1,1,2,0
acc_907,2,0,1,1,2,1
acc_908,2,0,1,1,2,2
unacc_909,2,0,1,2,0,0
unacc_910,2,0,1,2,0,1
acc_911,2,0,1,2,0,2
unacc_912,2,0,1,2,1,0
acc_913,2,0,1,2,1,1
acc_914,2,0,1,2,1,2
unacc_915,2,0,1,2,2,0
acc_916,2,0,1,2,2,1
acc_917,2,0,1,2,2,2
unacc_918,2,0,2,0,0,0
unacc_919,2,0,2,0,0,1
unacc_920,2,0,2,0,0,2
unacc_921,2,0,2,0,1,0
unacc_922,2,0,2,0,1,1
unacc_923,2,0,2,0,1,2
unacc_924,2,0,2,0,2,0
unacc_925,2,0,2,0,2,1
unacc_926,2,0,2,0,2,2
unacc_927,2,0,2,1,0,0
unacc_928,2,0,2,1,0,1
acc_929,2,0,2,1,0,2
unacc_930,2,0,2,1,1,0
acc_931,2,0,2,1,1,1
acc_932,2,0,2,1,1,2
unacc_933,2,0,2,1,2,0
acc_934,2,0,2,1,2,1
acc_935,2,0,2,1,2,2
unacc_936,2,0,2,2,0,0
unacc_937,2,0,2,2,0,1
acc_938,2,0,2,2,0,2
unacc_939,2,0,2,2,1,0
acc_940,2,0,2,2,1,1
acc_941,2,0,2,2,1,2
unacc_942,2,0,2,2,2,0
acc_943,2,0,2,2,2,1
acc_944,2,0,2,2,2,2
unacc_945,2,0,3,0,0,0
unacc_946,2,0,3,0,0,1
unacc_947,2,0,3,0,0,2
unacc_948,2,0,3,0,1,0
unacc_949,2,0,3,0,1,1
unacc_950,2,0,3,0,1,2
unacc_951,2,0,3,0,2,0
unacc_952,2,0,3,0,2,1
unacc_953,2,0,3,0,2,2
unacc_954,2,0,3,1,0,0
unacc_955,2,0,3,1,0,1
acc_956,2,0,3,1,0,2
unacc_957,2,0,3,1,1,0
acc_958,2,0,3,1,1,1
acc_959,2,0,3,1,1,2
unacc_960,2,0,3,1,2,0
acc_961,2,0,3,1,2,1
acc_962,2,0,3,1,2,2
unacc_963,2,0,3,2,0,0
unacc_964,2,0,3,2,0,1
acc_965,2,0,3,2,0,2
unacc_966,2,0,3,2,1,0
acc_967,2,0,3,2,1,1
acc_968,2,0,3,2,1,2
unacc_969,2,0,3,2,2,0
acc_970,2,0,3,2,2,1
acc_971,2,0,3,2,2,2
unacc_972,2,1,0,0,0,0
unacc_973,2,1,0,0,0,1
unacc_974,2,1,0,0,0,2
unacc_975,2,1,0,0,1,0
unacc_976,2,1,0,0,1,1
unacc_977,2,1,0,0,1,2
unacc_978,2,1,0,0,2,0
unacc_979,2,1,0,0,2,1
unacc_980,2,1,0,0,2,2
unacc_981,2,1,0,1,0,0
unacc_982,2,1,0,1,0,1
acc_983,2,1,0,1,0,2
unacc_984,2,1,0,1,1,0
unacc_985,2,1,0,1,1,1
acc_986,2,1,0,1,1,2
unacc_987,2,1,0,1,2,0
acc_988,2,1,0,1,2,1
acc_989,2,1,0,1,2,2
unacc_990,2,1,0,2,0,0
unacc_991,2,1,0,2,0,1
unacc_992,2,1,0,2,0,2
unacc_993,2,1,0,2,1,0
unacc_994,2,1,0,2,1,1
acc_995,2,1,0,2,1,2
unacc_996,2,1,0,2,2,0
acc_997,2,1,0,2,2,1
acc_998,2,1,0,2,2,2
unacc_999,2,1,1,0,0,0
unacc_1000,2,1,1,0,0,1
unacc_1001,2,1,1,0,0,2
unacc_1002,2,1,1,0,1,0
unacc_1003,2,1,1,0,1,1
unacc_1004,2,1,1,0,1,2
unacc_1005,2,1,1,0,2,0
unacc_1006,2,1,1,0,2,1
unacc_1007,2,1,1,0,2,2
unacc_1008,2,1,1,1,0,0
unacc_1009,2,1,1,1,0,1
acc_1010,2,1,1,1,0,2
unacc_1011,2,1,1,1,1,0
unacc_1012,2,1,1,1,1,1
acc_1013,2,1,1,1,1,2
unacc_1014,2,1,1,1,2,0
acc_1015,2,1,1,1,2,1
acc_1016,2,1,1,1,2,2
unacc_1017,2,1,1,2,0,0
unacc_1018,2,1,1,2,0,1
acc_1019,2,1,1,2,0,2
unacc_1020,2,1,1,2,1,0
acc_1021,2,1,1,2,1,1
acc_1022,2,1,1,2,1,2
unacc_1023,2,1,1,2,2,0
acc_1024,2,1,1,2,2,1
acc_1025,2,1,1,2,2,2
unacc_1026,2,1,2,0,0,0
unacc_1027,2,1,2,0,0,1
unacc_1028,2,1,2,0,0,2
unacc_1029,2,1,2,0,1,0
unacc_1030,2,1,2,0,1,1
unacc_1031,2,1,2,0,1,2
unacc_1032,2,1,2,0,2,0
unacc_1033,2,1,2,0,2,1
unacc_1034,2,1,2,0,2,2
unacc_1035,2,1,2,1,0,0
unacc_1036,2,1,2,1,0,1
acc_1037,2,1,2,1,0,2
unacc_1038,2,1,2,1,1,0
acc_1039,2,1,2,1,1,1
acc_1040,2,1,2,1,1,2
unacc_1041,2,1,2,1,2,0
acc_1042,2,1,2,1,2,1
acc_1043,2,1,2,1,2,2
unacc_1044,2,1,2,2,0,0
unacc_1045,2,1,2,2,0,1
acc_1046,2,1,2,2,0,2
unacc_1047,2,1,2,2,1,0
acc_1048,2,1,2,2,1,1
acc_1049,2,1,2,2,1,2
unacc_1050,2,1,2,2,2,0
acc_1051,2,1,2,2,2,1
acc_1052,2,1,2,2,2,2
unacc_1053,2,1,3,0,0,0
unacc_1054,2,1,3,0,0,1
unacc_1055,2,1,3,0,0,2
unacc_1056,2,1,3,0,1,0
unacc_1057,2,1,3,0,1,1
unacc_1058,2,1,3,0,1,2
unacc_1059,2,1,3,0,2,0
unacc_1060,2,1,3,0,2,1
unacc_1061,2,1,3,0,2,2
unacc_1062,2,1,3,1,0,0
unacc_1063,2,1,3,1,0,1
acc_1064,2,1,3,1,0,2
unacc_1065,2,1,3,1,1,0
acc_1066,2,1,3,1,1,1
acc_1067,2,1,3,1,1,2
unacc_1068,2,1,3,1,2,0
acc_1069,2,1,3,1,2,1
acc_1070,2,1,3,1,2,2
unacc_1071,2,1,3,2,0,0
unacc_1072,2,1,3,2,0,1
acc_1073,2,1,3,2,0,2
unacc_1074,2,1,3,2,1,0
acc_1075,2,1,3,2,1,1
acc_1076,2,1,3,2,1,2
unacc_1077,2,1,3,2,2,0
acc_1078,2,1,3,2,2,1
acc_1079,2,1,3,2,2,2
unacc_1080,2,2,0,0,0,0
unacc_1081,2,2,0,0,0,1
unacc_1082,2,2,0,0,0,2
unacc_1083,2,2,0,0,1,0
unacc_1084,2,2,0,0,1,1
unacc_1085,2,2,0,0,1,2
unacc_1086,2,2,0,0,2,0
unacc_1087,2,2,0,0,2,1
unacc_1088,2,2,0,0,2,2
unacc_1089,2,2,0,1,0,0
acc_1090,2,2,0,1,0,1
acc_1091,2,2,0,1,0,2
unacc_1092,2,2,0,1,1,0
acc_1093,2,2,0,1,1,1
acc_1094,2,2,0,1,1,2
unacc_1095,2,2,0,1,2,0
acc_1096,2,2,0,1,2,1
vgood_1097,2,2,0,1,2,2
unacc_1098,2,2,0,2,0,0
unacc_1099,2,2,0,2,0,1
unacc_1100,2,2,0,2,0,2
unacc_1101,2,2,0,2,1,0
acc_1102,2,2,0,2,1,1
acc_1103,2,2,0,2,1,2
unacc_1104,2,2,0,2,2,0
acc_1105,2,2,0,2,2,1
vgood_1106,2,2,0,2,2,2
unacc_1107,2,2,1,0,0,0
unacc_1108,2,2,1,0,0,1
unacc_1109,2,2,1,0,0,2
unacc_1110,2,2,1,0,1,0
unacc_1111,2,2,1,0,1,1
unacc_1112,2,2,1,0,1,2
unacc_1113,2,2,1,0,2,0
unacc_1114,2,2,1,0,2,1
unacc_1115,2,2,1,0,2,2
unacc_1116,2,2,1,1,0,0
acc_1117,2,2,1,1,0,1
acc_1118,2,2,1,1,0,2
unacc_1119,2,2,1,1,1,0
acc_1120,2,2,1,1,1,1
acc_1121,2,2,1,1,1,2
unacc_1122,2,2,1,1,2,0
acc_1123,2,2,1,1,2,1
vgood_1124,2,2,1,1,2,2
unacc_1125,2,2,1,2,0,0
acc_1126,2,2,1,2,0,1
acc_1127,2,2,1,2,0,2
unacc_1128,2,2,1,2,1,0
acc_1129,2,2,1,2,1,1
vgood_1130,2,2,1,2,1,2
unacc_1131,2,2,1,2,2,0
acc_1132,2,2,1,2,2,1
vgood_1133,2,2,1,2,2,2
unacc_1134,2,2,2,0,0,0
unacc_1135,2,2,2,0,0,1
unacc_1136,2,2,2,0,0,2
unacc_1137,2,2,2,0,1,0
unacc_1138,2,2,2,0,1,1
unacc_1139,2,2,2,0,1,2
unacc_1140,2,2,2,0,2,0
unacc_1141,2,2,2,0,2,1
unacc_1142,2,2,2,0,2,2
unacc_1143,2,2,2,1,0,0
acc_1144,2,2,2,1,0,1
acc_1145,2,2,2,1,0,2
unacc_1146,2,2,2,1,1,0
acc_1147,2,2,2,1,1,1
vgood_1148,2,2,2,1,1,2
unacc_1149,2,2,2,1,2,0
acc_1150,2,2,2,1,2,1
vgood_1151,2,2,2,1,2,2
unacc_1152,2,2,2,2,0,0
acc_1153,2,2,2,2,0,1
acc_1154,2,2,2,2,0,2
unacc_1155,2,2,2,2,1,0
acc_1156,2,2,2,2,1,1
vgood_1157,2,2,2,2,1,2
unacc_1158,2,2,2,2,2,0
acc_1159,2,2,2,2,2,1
vgood_1160,2,2,2,2,2,2
unacc_1161,2,2,3,0,0,0
unacc_1162,2,2,3,0,0,1
unacc_1163,2,2,3,0,0,2
unacc_1164,2,2,3,0,1,0
unacc_1165,2,2,3,0,1,1
unacc_1166,2,2,3,0,1,2
unacc_1167,2,2,3,0,2,0
unacc_1168,2,2,3,0,2,1
unacc_1169,2,2,3,0,2,2
unacc_1170,2,2,3,1,0,0
acc_1171,2,2,3,1,0,1
acc_1172,2,2,3,1,0,2
unacc_1173,2,2,3,1,1,0
acc_1174,2,2,3,1,1,1
vgood_1175,2,2,3,1,1,2
unacc_1176,2,2,3,1,2,0
acc_1177,2,2,3,1,2,1
vgood_1178,2,2,3,1,2,2
unacc_1179,2,2,3,2,0,0
acc_1180,2,2,3,2,0,1
acc_1181,2,2,3,2,0,2
unacc_1182,2,2,3,2,1,0
acc_1183,2,2,3,2,1,1
vgood_1184,2,2,3,2,1,2
unacc_1185,2,2,3,2,2,0
acc_1186,2,2,3,2,2,1
vgood_1187,2,2,3,2,2,2
unacc_1188,2,3,0,0,0,0
unacc_1189,2,3,0,0,0,1
unacc_1190,2,3,0,0,0,2
unacc_1191,2,3,0,0,1,0
unacc_1192,2,3,0,0,1,1
unacc_1193,2,3,0,0,1,2
unacc_1194,2,3,0,0,2,0
unacc_1195,2,3,0,0,2,1
unacc_1196,2,3,0,0,2,2
unacc_1197,2,3,0,1,0,0
acc_1198,2,3,0,1,0,1
good_1199,2,3,0,1,0,2
unacc_1200,2,3,0,1,1,0
acc_1201,2,3,0,1,1,1
good_1202,2,3,0,1,1,2
unacc_1203,2,3,0,1,2,0
good_1204,2,3,0,1,2,1
vgood_1205,2,3,0,1,2,2
unacc_1206,2,3,0,2,0,0
unacc_1207,2,3,0,2,0,1
unacc_1208,2,3,0,2,0,2
unacc_1209,2,3,0,2,1,0
acc_1210,2,3,0,2,1,1
good_1211,2,3,0,2,1,2
unacc_1212,2,3,0,2,2,0
good_1213,2,3,0,2,2,1
vgood_1214,2,3,0,2,2,2
unacc_1215,2,3,1,0,0,0
unacc_1216,2,3,1,0,0,1
unacc_1217,2,3,1,0,0,2
unacc_1218,2,3,1,0,1,0
unacc_1219,2,3,1,0,1,1
unacc_1220,2,3,1,0,1,2
unacc_1221,2,3,1,0,2,0
unacc_1222,2,3,1,0,2,1
unacc_1223,2,3,1,0,2,2
unacc_1224,2,3,1,1,0,0
acc_1225,2,3,1,1,0,1
good_1226,2,3,1,1,0,2
unacc_1227,2,3,1,1,1,0
acc_1228,2,3,1,1,1,1
good_1229,2,3,1,1,1,2
unacc_1230,2,3,1,1,2,0
good_1231,2,3,1,1,2,1
vgood_1232,2,3,1,1,2,2
unacc_1233,2,3,1,2,0,0
acc_1234,2,3,1,2,0,1
good_1235,2,3,1,2,0,2
unacc_1236,2,3,1,2,1,0
good_1237,2,3,1,2,1,1
vgood_1238,2,3,1,2,1,2
unacc_1239,2,3,1,2,2,0
good_1240,2,3,1,2,2,1
vgood_1241,2,3,1,2,2,2
unacc_1242,2,3,2,0,0,0
unacc_1243,2,3,2,0,0,1
unacc_1244,2,3,2,0,0,2
unacc_1245,2,3,2,0,1,0
unacc_1246,2,3,2,0,1,1
unacc_1247,2,3,2,0,1,2
unacc_1248,2,3,2,0,2,0
unacc_1249,2,3,2,0,2,1
unacc_1250,2,3,2,0,2,2
unacc_1251,2,3,2,1,0,0
acc_1252,2,3,2,1,0,1
good_1253,2,3,2,1,0,2
unacc_1254,2,3,2,1,1,0
good_1255,2,3,2,1,1,1
vgood_1256,2,3,2,1,1,2
unacc_1257,2,3,2,1,2,0
good_1258,2,3,2,1,2,1
vgood_1259,2,3,2,1,2,2
unacc_1260,2,3,2,2,0,0
acc_1261,2,3,2,2,0,1
good_1262,2,3,2,2,0,2
unacc_1263,2,3,2,2,1,0
good_1264,2,3,2,2,1,1
vgood_1265,2,3,2,2,1,2
unacc_1266,2,3,2,2,2,0
good_1267,2,3,2,2,2,1
vgood_1268,2,3,2,2,2,2
unacc_1269,2,3,3,0,0,0
unacc_1270,2,3,3,0,0,1
unacc_1271,2,3,3,0,0,2
unacc_1272,2,3,3,0,1,0
unacc_1273,2,3,3,0,1,1
unacc_1274,2,3,3,0,1,2
unacc_1275,2,3,3,0,2,0
unacc_1276,2,3,3,0,2,1
unacc_1277,2,3,3,0,2,2
unacc_1278,2,3,3,1,0,0
acc_1279,2,3,3,1,0,1
good_1280,2,3,3,1,0,2
unacc_1281,2,3,3,1,1,0
good_1282,2,3,3,1,1,1
vgood_1283,2,3,3,1,1,2
unacc_1284,2,3,3,1,2,0
good_1285,2,3,3,1,2,1
vgood_1286,2,3,3,1,2,2
unacc_1287,2,3,3,2,0,0
acc_1288,2,3,3,2,0,1
good_1289,2,3,3,2,0,2
unacc_1290,2,3,3,2,1,0
good_1291,2,3,3,2,1,1
vgood_1292,2,3,3,2,1,2
unacc_1293,2,3,3,2,2,0
good_1294,2,3,3,2,2,1
vgood_1295,2,3,3,2,2,2
unacc_1296,3,0,0,0,0,0
unacc_1297,3,0,0,0,0,1
unacc_1298,3,0,0,0,0,2
unacc_1299,3,0,0,0,1,0
unacc_1300,3,0,0,0,1,1
unacc_1301,3,0,0,0,1,2
unacc_1302,3,0,0,0,2,0
unacc_1303,3,0,0,0,2,1
unacc_1304,3,0,0,0,2,2
unacc_1305,3,0,0,1,0,0
unacc_1306,3,0,0,1,0,1
acc_1307,3,0,0,1,0,2
unacc_1308,3,0,0,1,1,0
unacc_1309,3,0,0,1,1,1
acc_1310,3,0,0,1,1,2
unacc_1311,3,0,0,1,2,0
acc_1312,3,0,0,1,2,1
acc_1313,3,0,0,1,2,2
unacc_1314,3,0,0,2,0,0
unacc_1315,3,0,0,2,0,1
unacc_1316,3,0,0,2,0,2
unacc_1317,3,0,0,2,1,0
unacc_1318,3,0,0,2,1,1
acc_1319,3,0,0,2,1,2
unacc_1320,3,0,0,2,2,0
acc_1321,3,0,0,2,2,1
acc_1322,3,0,0,2,2,2
unacc_1323,3,0,1,0,0,0
unacc_1324,3,0,1,0,0,1
unacc_1325,3,0,1,0,0,2
unacc_1326,3,0,1,0,1,0
unacc_1327,3,0,1,0,1,1
unacc_1328,3,0,1,0,1,2
unacc_1329,3,0,1,0,2,0
unacc_1330,3,0,1,0,2,1
unacc_1331,3,0,1,0,2,2
unacc_1332,3,0,1,1,0,0
unacc_1333,3,0,1,1,0,1
acc_1334,3,0,1,1,0,2
unacc_1335,3,0,1,1,1,0
unacc_1336,3,0,1,1,1,1
acc_1337,3,0,1,1,1,2
unacc_1338,3,0,1,1,2,0
acc_1339,3,0,1,1,2,1
acc_1340,3,0,1,1,2,2
unacc_1341,3,0,1,2,0,0
unacc_1342,3,0,1,2,0,1
acc_1343,3,0,1,2,0,2
unacc_1344,3,0,1,2,1,0
acc_1345,3,0,1,2,1,1
acc_1346,3,0,1,2,1,2
unacc_1347,3,0,1,2,2,0
acc_1348,3,0,1,2,2,1
acc_1349,3,0,1,2,2,2
unacc_1350,3,0,2,0,0,0
unacc_1351,3,0,2,0,0,1
unacc_1352,3,0,2,0,0,2
unacc_1353,3,0,2,0,1,0
unacc_1354,3,0,2,0,1,1
unacc_1355,3,0,2,0,1,2
unacc_1356,3,0,2,0,2,0
unacc_1357,3,0,2,0,2,1
unacc_1358,3,0,2,0,2,2
unacc_1359,3,0,2,1,0,0
unacc_1360,3,0,2,1,0,1
acc_1361,3,0,2,1,0,2
unacc_1362,3,0,2,1,1,0
acc_1363,3,0,2,1,1,1
acc_1364,3,0,2,1,1,2
unacc_1365,3,0,2,1,2,0
acc_1366,3,0,2,1,2,1
acc_1367,3,0,2,1,2,2
unacc_1368,3,0,2,2,0,0
unacc_1369,3,0,2,2,0,1
acc_1370,3,0,2,2,0,2
unacc_1371,3,0,2,2,1,0
acc_1372,3,0,2,2,1,1
acc_1373,3,0,2,2,1,2
unacc_1374,3,0,2,2,2,0
acc_1375,3,0,2,2,2,1
acc_1376,3,0,2,2,2,2
unacc_1377,3,0,3,0,0,0
unacc_1378,3,0,3,0,0,1
unacc_1379,3,0,3,0,0,2
unacc_1380,3,0,3,0,1,0
unacc_1381,3,0,3,0,1,1
unacc_1382,3,0,3,0,1,2
unacc_1383,3,0,3,0,2,0
unacc_1384,3,0,3,0,2,1
unacc_1385,3,0,3,0,2,2
unacc_1386,3,0,3,1,0,0
unacc_1387,3,0,3,1,0,1
acc_1388,3,0,3,1,0,2
unacc_1389,3,0,3,1,1,0
acc_1390,3,0,3,1,1,1
acc_1391,3,0,3,1,1,2
unacc_1392,3,0,3,1,2,0
acc_1393,3,0,3,1,2,1
acc_1394,3,0,3,1,2,2
unacc_1395,3,0,3,2,0,0
unacc_1396,3,0,3,2,0,1
acc_1397,3,0,3,2,0,2
unacc_1398,3,0,3,2,1,0
acc_1399,3,0,3,2,1,1
acc_1400,3,0,3,2,1,2
unacc_1401,3,0,3,2,2,0
acc_1402,3,0,3,2,2,1
acc_1403,3,0,3,2,2,2
unacc_1404,3,1,0,0,0,0
unacc_1405,3,1,0,0,0,1
unacc_1406,3,1,0,0,0,2
unacc_1407,3,1,0,0,1,0
unacc_1408,3,1,0,0,1,1
unacc_1409,3,1,0,0,1,2
unacc_1410,3,1,0,0,2,0
unacc_1411,3,1,0,0,2,1
unacc_1412,3,1,0,0,2,2
unacc_1413,3,1,0,1,0,0
acc_1414,3,1,0,1,0,1
acc_1415,3,1,0,1,0,2
unacc_1416,3,1,0,1,1,0
acc_1417,3,1,0,1,1,1
acc_1418,3,1,0,1,1,2
unacc_1419,3,1,0,1,2,0
acc_1420,3,1,0,1,2,1
vgood_1421,3,1,0,1,2,2
unacc_1422,3,1,0,2,0,0
unacc_1423,3,1,0,2,0,1
unacc_1424,3,1,0,2,0,2
unacc_1425,3,1,0,2,1,0
acc_1426,3,1,0,2,1,1
acc_1427,3,1,0,2,1,2
unacc_1428,3,1,0,2,2,0
acc_1429,3,1,0,2,2,1
vgood_1430,3,1,0,2,2,2
unacc_1431,3,1,1,0,0,0
unacc_1432,3,1,1,0,0,1
unacc_1433,3,1,1,0,0,2
unacc_1434,3,1,1,0,1,0
unacc_1435,3,1,1,0,1,1
unacc_1436,3,1,1,0,1,2
unacc_1437,3,1,1,0,2,0
unacc_1438,3,1,1,0,2,1
unacc_1439,3,1,1,0,2,2
unacc_1440,3,1,1,1,0,0
acc_1441,3,1,1,1,0,1
acc_1442,3,1,1,1,0,2
unacc_1443,3,1,1,1,1,0
acc_1444,3,1,1,1,1,1
acc_1445,3,1,1,1,1,2
unacc_1446,3,1,1,1,2,0
acc_1447,3,1,1,1,2,1
vgood_1448,3,1,1,1,2,2
unacc_1449,3,1,1,2,0,0
acc_1450,3,1,1,2,0,1
acc_1451,3,1,1,2,0,2
unacc_1452,3,1,1,2,1,0
acc_1453,3,1,1,2,1,1
vgood_1454,3,1,1,2,1,2
unacc_1455,3,1,1,2,2,0
acc_1456,3,1,1,2,2,1
vgood_1457,3,1,1,2,2,2
unacc_1458,3,1,2,0,0,0
unacc_1459,3,1,2,0,0,1
unacc_1460,3,1,2,0,0,2
unacc_1461,3,1,2,0,1,0
unacc_1462,3,1,2,0,1,1
unacc_1463,3,1,2,0,1,2
unacc_1464,3,1,2,0,2,0
unacc_1465,3,1,2,0,2,1
unacc_1466,3,1,2,0,2,2
unacc_1467,3,1,2,1,0,0
acc_1468,3,1,2,1,0,1
acc_1469,3,1,2,1,0,2
unacc_1470,3,1,2,1,1,0
acc_1471,3,1,2,1,1,1
vgood_1472,3,1,2,1,1,2
unacc_1473,3,1,2,1,2,0
acc_1474,3,1,2,1,2,1
vgood_1475,3,1,2,1,2,2
unacc_1476,3,1,2,2,0,0
acc_1477,3,1,2,2,0,1
acc_1478,3,1,2,2,0,2
unacc_1479,3,1,2,2,1,0
acc_1480,3,1,2,2,1,1
vgood_1481,3,1,2,2,1,2
unacc_1482,3,1,2,2,2,0
acc_1483,3,1,2,2,2,1
vgood_1484,3,1,2,2,2,2
unacc_1485,3,1,3,0,0,0
unacc_1486,3,1,3,0,0,1
unacc_1487,3,1,3,0,0,2
unacc_1488,3,1,3,0,1,0
unacc_1489,3,1,3,0,1,1
unacc_1490,3,1,3,0,1,2
unacc_1491,3,1,3,0,2,0
unacc_1492,3,1,3,0,2,1
unacc_1493,3,1,3,0,2,2
unacc_1494,3,1,3,1,0,0
acc_1495,3,1,3,1,0,1
acc_1496,3,1,3,1,0,2
unacc_1497,3,1,3,1,1,0
acc_1498,3,1,3,1,1,1
vgood_1499,3,1,3,1,1,2
unacc_1500,3,1,3,1,2,0
acc_1501,3,1,3,1,2,1
vgood_1502,3,1,3,1,2,2
unacc_1503,3,1,3,2,0,0
acc_1504,3,1,3,2,0,1
acc_1505,3,1,3,2,0,2
unacc_1506,3,1,3,2,1,0
acc_1507,3,1,3,2,1,1
vgood_1508,3,1,3,2,1,2
unacc_1509,3,1,3,2,2,0
acc_1510,3,1,3,2,2,1
vgood_1511,3,1,3,2,2,2
unacc_1512,3,2,0,0,0,0
unacc_1513,3,2,0,0,0,1
unacc_1514,3,2,0,0,0,2
unacc_1515,3,2,0,0,1,0
unacc_1516,3,2,0,0,1,1
unacc_1517,3,2,0,0,1,2
unacc_1518,3,2,0,0,2,0
unacc_1519,3,2,0,0,2,1
unacc_1520,3,2,0,0,2,2
unacc_1521,3,2,0,1,0,0
acc_1522,3,2,0,1,0,1
good_1523,3,2,0,1,0,2
unacc_1524,3,2,0,1,1,0
acc_1525,3,2,0,1,1,1
good_1526,3,2,0,1,1,2
unacc_1527,3,2,0,1,2,0
good_1528,3,2,0,1,2,1
vgood_1529,3,2,0,1,2,2
unacc_1530,3,2,0,2,0,0
unacc_1531,3,2,0,2,0,1
unacc_1532,3,2,0,2,0,2
unacc_1533,3,2,0,2,1,0
acc_1534,3,2,0,2,1,1
good_1535,3,2,0,2,1,2
unacc_1536,3,2,0,2,2,0
good_1537,3,2,0,2,2,1
vgood_1538,3,2,0,2,2,2
unacc_1539,3,2,1,0,0,0
unacc_1540,3,2,1,0,0,1
unacc_1541,3,2,1,0,0,2
unacc_1542,3,2,1,0,1,0
unacc_1543,3,2,1,0,1,1
unacc_1544,3,2,1,0,1,2
unacc_1545,3,2,1,0,2,0
unacc_1546,3,2,1,0,2,1
unacc_1547,3,2,1,0,2,2
unacc_1548,3,2,1,1,0,0
acc_1549,3,2,1,1,0,1
good_1550,3,2,1,1,0,2
unacc_1551,3,2,1,1,1,0
acc_1552,3,2,1,1,1,1
good_1553,3,2,1,1,1,2
unacc_1554,3,2,1,1,2,0
good_1555,3,2,1,1,2,1
vgood_1556,3,2,1,1,2,2
unacc_1557,3,2,1,2,0,0
acc_1558,3,2,1,2,0,1
good_1559,3,2,1,2,0,2
unacc_1560,3,2,1,2,1,0
good_1561,3,2,1,2,1,1
vgood_1562,3,2,1,2,1,2
unacc_1563,3,2,1,2,2,0
good_1564,3,2,1,2,2,1
vgood_1565,3,2,1,2,2,2
unacc_1566,3,2,2,0,0,0
unacc_1567,3,2,2,0,0,1
unacc_1568,3,2,2,0,0,2
unacc_1569,3,2,2,0,1,0
unacc_1570,3,2,2,0,1,1
unacc_1571,3,2,2,0,1,2
unacc_1572,3,2,2,0,2,0
unacc_1573,3,2,2,0,2,1
unacc_1574,3,2,2,0,2,2
unacc_1575,3,2,2,1,0,0
acc_1576,3,2,2,1,0,1
good_1577,3,2,2,1,0,2
unacc_1578,3,2,2,1,1,0
good_1579,3,2,2,1,1,1
vgood_1580,3,2,2,1,1,2
unacc_1581,3,2,2,1,2,0
good_1582,3,2,2,1,2,1
vgood_1583,3,2,2,1,2,2
unacc_1584,3,2,2,2,0,0
acc_1585,3,2,2,2,0,1
good_1586,3,2,2,2,0,2
unacc_1587,3,2,2,2,1,0
good_1588,3,2,2,2,1,1
vgood_1589,3,2,2,2,1,2
unacc_1590,3,2,2,2,2,0
good_1591,3,2,2,2,2,1
vgood_1592,3,2,2,2,2,2
unacc_1593,3,2,3,0,0,0
unacc_1594,3,2,3,0,0,1
unacc_1595,3,2,3,0,0,2
unacc_1596,3,2,3,0,1,0
unacc_1597,3,2,3,0,1,1
unacc_1598,3,2,3,0,1,2
unacc_1599,3,2,3,0,2,0
unacc_1600,3,2,3,0,2,1
unacc_1601,3,2,3,0,2,2
unacc_1602,3,2,3,1,0,0
acc_1603,3,2,3,1,0,1
good_1604,3,2,3,1,0,2
unacc_1605,3,2,3,1,1,0
good_1606,3,2,3,1,1,1
vgood_1607,3,2,3,1,1,2
unacc_1608,3,2,3,1,2,0
good_1609,3,2,3,1,2,1
vgood_1610,3,2,3,1,2,2
unacc_1611,3,2,3,2,0,0
acc_1612,3,2,3,2,0,1
good_1613,3,2,3,2,0,2
unacc_1614,3,2,3,2,1,0
good_1615,3,2,3,2,1,1
vgood_1616,3,2,3,2,1,2
unacc_1617,3,2,3,2,2,0
good_1618,3,2,3,2,2,1
vgood_1619,3,2,3,2,2,2
unacc_1620,3,3,0,0,0,0
unacc_1621,3,3,0,0,0,1
unacc_1622,3,3,0,0,0,2
unacc_1623,3,3,0,0,1,0
unacc_1624,3,3,0,0,1,1
unacc_1625,3,3,0,0,1,2
unacc_1626,3,3,0,0,2,0
unacc_1627,3,3,0,0,2,1
unacc_1628,3,3,0,0,2,2
unacc_1629,3,3,0,1,0,0
acc_1630,3,3,0,1,0,1
good_1631,3,3,0,1,0,2
unacc_1632,3,3,0,1,1,0
acc_1633,3,3,0,1,1,1
good_1634,3,3,0,1,1,2
unacc_1635,3,3,0,1,2,0
good_1636,3,3,0,1,2,1
vgood_1637,3,3,0,1,2,2
unacc_1638,3,3,0,2,0,0
unacc_1639,3,3,0,2,0,1
unacc_1640,3,3,0,2,0,2
unacc_1641,3,3,0,2,1,0
acc_1642,3,3,0,2,1,1
good_1643,3,3,0,2,1,2
unacc_1644,3,3,0,2,2,0
good_1645,3,3,0,2,2,1
vgood_1646,3,3,0,2,2,2
unacc_1647,3,3,1,0,0,0
unacc_1648,3,3,1,0,0,1
unacc_1649,3,3,1,0,0,2
unacc_1650,3,3,1,0,1,0
unacc_1651,3,3,1,0,1,1
unacc_1652,3,3,1,0,1,2
unacc_1653,3,3,1,0,2,0
unacc_1654,3,3,1,0,2,1
unacc_1655,3,3,1,0,2,2
unacc_1656,3,3,1,1,0,0
acc_1657,3,3,1,1,0,1
good_1658,3,3,1,1,0,2
unacc_1659,3,3,1,1,1,0
acc_1660,3,3,1,1,1,1
good_1661,3,3,1,1,1,2
unacc_1662,3,3,1,1,2,0
good_1663,3,3,1,1,2,1
vgood_1664,3,3,1,1,2,2
unacc_1665,3,3,1,2,0,0
acc_1666,3,3,1,2,0,1
good_1667,3,3,1,2,0,2
unacc_1668,3,3,1,2,1,0
good_1669,3,3,1,2,1,1
vgood_1670,3,3,1,2,1,2
unacc_1671,3,3,1,2,2,0
good_1672,3,3,1,2,2,1
vgood_1673,3,3,1,2,2,2
unacc_1674,3,3,2,0,0,0
unacc_1675,3,3,2,0,0,1
unacc_1676,3,3,2,0,0,2
unacc_1677,3,3,2,0,1,0
unacc_1678,3,3,2,0,1,1
unacc_1679,3,3,2,0,1,2
unacc_1680,3,3,2,0,2,0
unacc_1681,3,3,2,0,2,1
unacc_1682,3,3,2,0,2,2
unacc_1683,3,3,2,1,0,0
acc_1684,3,3,2,1,0,1
good_1685,3,3,2,1,0,2
unacc_1686,3,3,2,1,1,0
good_1687,3,3,2,1,1,1
vgood_1688,3,3,2,1,1,2
unacc_1689,3,3,2,1,2,0
good_1690,3,3,2,1,2,1
vgood_1691,3,3,2,1,2,2
unacc_1692,3,3,2,2,0,0
acc_1693,3,3,2,2,0,1
good_1694,3,3,2,2,0,2
unacc_1695,3,3,2,2,1,0
good_1696,3,3,2,2,1,1
vgood_1697,3,3,2,2,1,2
unacc_1698,3,3,2,2,2,0
good_1699,3,3,2,2,2,1
vgood_1700,3,3,2,2,2,2
unacc_1701,3,3,3,0,0,0
unacc_1702,3,3,3,0,0,1
unacc_1703,3,3,3,0,0,2
unacc_1704,3,3,3,0,1,0
unacc_1705,3,3,3,0,1,1
unacc_1706,3,3,3,0,1,2
unacc_1707,3,3,3,0,2,0
unacc_1708,3,3,3,0,2,1
unacc_1709,3,3,3,0,2,2
unacc_1710,3,3,3,1,0,0
acc_1711,3,3,3,1,0,1
good_1712,3,3,3,1,0,2
unacc_1713,3,3,3,1,1,0
good_1714,3,3,3,1,1,1
vgood_1715,3,3,3,1,1,2
unacc_1716,3,3,3,1,2,0
good_1717,3,3,3,1,2,1
vgood_1718,3,3,3,1,2,2
unacc_1719,3,3,3,2,0,0
acc_1720,3,3,3,2,0,1
good_1721,3,3,3,2,0,2
unacc_1722,3,3,3,2,1,0
good_1723,3,3,3,2,1,1
vgood_1724,3,3,3,2,1,2
unacc_1725,3,3,3,2,2,0
good_1726,3,3,3,2,2,1
vgood_1727,3,3,3,2,2,2
